asset_id,risk_score,predicted_label,true_label,technique_id
asset_0000,0.0033104508115225,0,0,T1486
asset_0001,0.0033104508115333,0,0,T1486
asset_0002,0.003310450811489,0,0,T1486
asset_0003,0.9042692805633136,1,1,T1486
asset_0004,0.9042692805633136,1,1,T1486
asset_0005,0.0033104508115205,0,0,T1486
asset_0006,0.9042692805633136,1,0,T1486
asset_0007,0.0033104508115333,0,0,T1055
asset_0008,0.0033104508115333,0,0,T1486
asset_0009,0.9042692805633136,1,0,T1486
asset_0010,0.0033104508115205,0,0,T1486
asset_0011,0.0033104508115225,0,0,T1486
asset_0012,0.9042692805633136,1,0,T1486
asset_0013,0.0033104508115333,0,0,T1486
asset_0014,0.9042692805633136,1,0,T1486
asset_0015,0.0033104508115333,0,0,T1486
asset_0016,0.9042692805633136,1,1,T1486
asset_0017,0.9042692805633136,1,1,T1486
asset_0018,0.0033104508115333,0,0,T1486
asset_0019,0.0033104508115333,0,0,T1486
asset_0020,0.9042692805633136,1,0,T1486
asset_0021,0.0033104508115333,0,0,T1486
asset_0022,0.9042692805633136,1,0,T1486
asset_0023,0.0033104361263645,0,0,T1486
asset_0024,0.9042692805633136,1,0,T1486
asset_0025,0.0033104508115205,0,0,T1486
asset_0026,0.0033104508115333,0,0,T1486
asset_0027,0.0033104508115333,0,0,T1486
asset_0028,0.0033104508115333,0,0,T1486
asset_0029,0.9042692805633136,1,1,T1486
asset_0030,0.9042692805633136,1,0,T1486
asset_0031,0.0033104508115333,0,0,T1486
asset_0032,0.9042692805633136,1,1,T1486
asset_0033,0.9042692805633136,1,0,T1486
asset_0034,0.9042692805633136,1,1,T1486
asset_0035,0.9042692805633136,1,0,T1486
asset_0036,0.9042692805633136,1,0,T1486
asset_0037,0.0033104508115333,0,0,T1486
asset_0038,0.9042692805633136,1,1,T1486
asset_0039,0.0033104508115201,0,0,T1486
asset_0040,0.0033104508115333,0,0,T1486
asset_0041,0.9042692805633136,1,1,T1486
asset_0042,0.9042692805633136,1,1,T1486
asset_0043,0.9042692805633136,1,1,T1486
asset_0044,0.9042692805633136,1,0,T1486
asset_0045,0.9042692805633136,1,1,T1486
asset_0046,0.0033104508115294,0,0,T1486
asset_0047,0.0033104508115225,0,0,T1486
asset_0048,0.0033104464221243,0,0,T1486
asset_0049,0.003310450811583,0,0,T1486
asset_0050,0.0033104508115333,0,0,T1486
asset_0051,0.9042692805633136,1,0,T1486
asset_0052,0.0033104508115333,0,0,T1486
asset_0053,0.0033104508120232,0,0,T1486
asset_0054,0.9042692805633136,1,1,T1486
asset_0055,0.0033104508115333,0,0,T1486
asset_0056,0.9042692805633136,1,1,T1486
asset_0057,0.0033104508115293,0,0,T1486
asset_0058,0.0033104508115868,0,0,T1486
asset_0059,0.0033104508115333,0,0,T1486
asset_0060,0.9042692805633136,1,1,T1486
asset_0061,0.9042692805633136,1,0,T1486
asset_0062,0.0033104508115186,0,0,T1486
asset_0063,0.0033104508115309,0,0,T1486
asset_0064,0.9042692805633136,1,1,T1486
asset_0065,0.0033104508115333,0,0,T1486
asset_0066,0.9042692805633136,1,0,T1486
asset_0067,0.9042692805633136,1,0,T1486
asset_0068,0.9042692805633136,1,1,T1486
asset_0069,0.0033104508115333,0,0,T1486
asset_0070,0.003310450811489,0,0,T1486
asset_0071,0.9042692805633136,1,1,T1486
asset_0072,0.0033104508115097,0,0,T1486
asset_0073,0.0033104508115333,0,0,T1486
asset_0074,0.9042692805633136,1,0,T1486
asset_0075,0.9042692805633136,1,0,T1486
asset_0076,0.9042692805633136,1,0,T1486
asset_0077,0.0033104508115869,0,0,T1486
asset_0078,0.0033104508115333,0,0,T1486
asset_0079,0.0033104497484606,0,0,T1486
asset_0080,0.0033104508115205,0,0,T1486
asset_0081,0.9042692805633136,1,0,T1486
asset_0082,0.0033104508115309,0,0,T1486
asset_0083,0.0033104508115167,0,0,T1486
asset_0084,0.9042692805633136,1,1,T1486
asset_0085,0.9042692805633136,1,1,T1486
asset_0086,0.9042692805633136,1,1,T1486
asset_0087,0.0033104508115021,0,0,T1486
asset_0088,0.0033104508115333,0,0,T1486
asset_0089,0.0033104508114933,0,0,T1486
asset_0090,0.9042692805633136,1,0,T1486
asset_0091,0.0033104508115185,0,0,T1486
asset_0092,0.9042692805633136,1,1,T1486
asset_0093,0.9042692805633136,1,0,T1486
asset_0094,0.0033104508115333,0,0,T1486
asset_0095,0.9042692805633136,1,0,T1486
asset_0096,0.0033104508115333,0,0,T1486
asset_0097,0.9042692805633136,1,0,T1486
asset_0098,0.9042692805633136,1,1,T1486
asset_0099,0.9042692805633136,1,1,T1486
asset_0100,0.9042692805633136,1,1,T1486
asset_0101,0.9042692805633136,1,0,T1486
asset_0102,0.9042692805633136,1,0,T1486
asset_0103,0.9042692805633136,1,1,T1486
asset_0104,0.0033104508115333,0,0,T1486
asset_0105,0.0033104508115097,0,0,T1486
asset_0106,0.9042692805633136,1,1,T1486
asset_0107,0.9042692805633136,1,1,T1486
asset_0108,0.0033104508115333,0,0,T1486
asset_0109,0.0033104508115333,0,0,T1486
asset_0110,0.9042692805633136,1,0,T1486
asset_0111,0.9042692805633136,1,1,T1486
asset_0112,0.0033104508115868,0,0,T1486
asset_0113,0.0033104508115293,0,0,T1486
asset_0114,0.0033104508114933,0,0,T1486
asset_0115,0.0033454389817491,0,0,T1486
asset_0116,0.9042692805633136,1,1,T1486
asset_0117,0.0033104508115333,0,0,T1486
asset_0118,0.0033104508115333,0,0,T1055
asset_0119,0.9042692805633136,1,1,T1486
asset_0120,0.9042692805633136,1,1,T1486
asset_0121,0.9042692805633136,1,1,T1486
asset_0122,0.0033104508115333,0,0,T1486
asset_0123,0.0033104508115333,0,0,T1055
asset_0124,0.0033104508115333,0,0,T1486
asset_0125,0.0033104508115049,0,0,T1486
asset_0126,0.0033104508115333,0,0,T1486
asset_0127,0.9042692805633136,1,1,T1486
asset_0128,0.9042692805633136,1,1,T1486
asset_0129,0.0033104508115333,0,0,T1486
asset_0130,0.9042692805633136,1,1,T1486
asset_0131,0.9042692805633136,1,0,T1486
asset_0132,0.9042692805633136,1,1,T1486
asset_0133,0.9042692805633136,1,1,T1486
asset_0134,0.0033104508115309,0,0,T1486
asset_0135,0.9042692805633136,1,1,T1486
asset_0136,0.0033104508115309,0,0,T1486
asset_0137,0.0033104508115309,0,0,T1486
asset_0138,0.9042692805633136,1,0,T1486
asset_0139,0.0033104508115333,0,0,T1486
asset_0140,0.0033104508115307,0,0,T1486
asset_0141,0.0033104508115309,0,0,T1486
asset_0142,0.0033104462285538,0,0,T1486
asset_0143,0.9042692805633136,1,1,T1486
asset_0144,0.0034876895567868,0,0,T1486
asset_0145,0.9042692805633136,1,0,T1486
asset_0146,0.9042692805633136,1,0,T1486
asset_0147,0.0033804652151763,0,0,T1486
asset_0148,0.0033104508115784,0,0,T1486
asset_0149,0.9042692805633136,1,0,T1486
asset_0150,0.0033104508115333,0,0,T1486
asset_0151,0.9042692805633136,1,1,T1486
asset_0152,0.0033104508115333,0,0,T1486
asset_0153,0.9042692805633136,1,0,T1486
asset_0154,0.0033104508115333,0,0,T1486
asset_0155,0.9042692805633136,1,0,T1486
asset_0156,0.9042692805633136,1,0,T1486
asset_0157,0.9042692805633136,1,0,T1486
asset_0158,0.0033104508115333,0,0,T1486
asset_0159,0.0033104508115333,0,0,T1486
asset_0160,0.0033104508115097,0,0,T1486
asset_0161,0.9042692805633136,1,1,T1486
asset_0162,0.9042692805633136,1,0,T1486
asset_0163,0.9042692805633136,1,0,T1486
asset_0164,0.9042692805633136,1,0,T1486
asset_0165,0.9042692805633136,1,0,T1486
asset_0166,0.0033104508115333,0,0,T1486
asset_0167,0.9042692805633136,1,1,T1486
asset_0168,0.0033104508115333,0,0,T1486
asset_0169,0.9042692805633136,1,0,T1486
asset_0170,0.003310450811466,0,0,T1486
asset_0171,0.0033104508115333,0,0,T1486
asset_0172,0.9042692805633136,1,1,T1486
asset_0173,0.0033104508115333,0,0,T1486
asset_0174,0.9042692805633136,1,1,T1486
asset_0175,0.9042692805633136,1,1,T1486
asset_0176,0.0033104508114677,0,0,T1486
asset_0177,0.0033104508115205,0,0,T1486
asset_0178,0.9042692805633136,1,1,T1486
asset_0179,0.003310450811489,0,0,T1486
asset_0180,0.9042692805633136,1,0,T1486
asset_0181,0.9042692805633136,1,0,T1486
asset_0182,0.0041206952685782,0,0,T1486
asset_0183,0.9042692805633136,1,1,T1486
asset_0184,0.9042692805633136,1,1,T1486
asset_0185,0.9042692805633136,1,0,T1486
asset_0186,0.0033104508115318,0,0,T1486
asset_0187,0.0033104508114935,0,0,T1486
asset_0188,0.0033104508115333,0,0,T1486
asset_0189,0.0033104508115333,0,0,T1486
asset_0190,0.0033104508115333,0,0,T1486
asset_0191,0.0033104508115333,0,0,T1486
asset_0192,0.0033104508115309,0,0,T1486
asset_0193,0.9042692805633136,1,1,T1486
asset_0194,0.9042692805633136,1,1,T1486
asset_0195,0.0033104508115333,0,0,T1486
asset_0196,0.0033104508115333,0,0,T1486
asset_0197,0.0033104508115333,0,0,T1486
asset_0198,0.0033104508114895,0,0,T1486
asset_0199,0.0033104508115333,0,0,T1486
asset_0200,0.9042692805633136,1,1,T1486
asset_0201,0.9042692805633136,1,1,T1486
asset_0202,0.0033104508115221,0,0,T1486
asset_0203,0.9042692805633136,1,1,T1486
asset_0204,0.9042692805633136,1,1,T1486
asset_0205,0.9042692805633136,1,1,T1486
asset_0206,0.0033104508115333,0,0,T1486
asset_0207,0.0033104508115333,0,0,T1486
asset_0208,0.9042692805633136,1,0,T1486
asset_0209,0.0033104508115333,0,0,T1486
asset_0210,0.9042692805633136,1,1,T1486
asset_0211,0.9042692805633136,1,0,T1486
asset_0212,0.0033104508115294,0,0,T1486
asset_0213,0.9042692805633136,1,1,T1486
asset_0214,0.0033104508116689,0,0,T1486
asset_0215,0.0033104508115333,0,0,T1486
asset_0216,0.9042692805633136,1,0,T1486
asset_0217,0.0033104508115333,0,0,T1486
asset_0218,0.0033104508115097,0,0,T1486
asset_0219,0.0033104508115333,0,0,T1486
asset_0220,0.0033104469826889,0,0,T1486
asset_0221,0.9042692805633136,1,0,T1486
asset_0222,0.0033104508115333,0,0,T1486
asset_0223,0.9042692805633136,1,1,T1486
asset_0224,0.0033104508115333,0,0,T1486
asset_0225,0.9042692805633136,1,1,T1486
asset_0226,0.0033104508115333,0,0,T1486
asset_0227,0.0033104508115037,0,0,T1486
asset_0228,0.0033104508115333,0,0,T1486
asset_0229,0.9042692805633136,1,0,T1486
asset_0230,0.0033104508115333,0,0,T1486
asset_0231,0.9042692805633136,1,1,T1486
asset_0232,0.0033104508115333,0,0,T1486
asset_0233,0.0033104508115333,0,0,T1486
asset_0234,0.0033104508118171,0,0,T1486
asset_0235,0.0033104508115868,0,0,T1486
asset_0236,0.9042692805633136,1,1,T1486
asset_0237,0.9042692805633136,1,0,T1486
asset_0238,0.9042692805633136,1,1,T1486
asset_0239,0.0033104508115284,0,0,T1486
asset_0240,0.0033104508115333,0,0,T1486
asset_0241,0.9042692805633136,1,1,T1486
asset_0242,0.0033104508115333,0,0,T1486
asset_0243,0.9042692805633136,1,1,T1486
asset_0244,0.0033104508115223,0,0,T1486
asset_0245,0.0033104508115294,0,0,T1486
asset_0246,0.0033104508115333,0,0,T1486
asset_0247,0.9042692805633136,1,0,T1486
asset_0248,0.0033104508115333,0,0,T1055
asset_0249,0.9042692805633136,1,1,T1486
asset_0250,0.0033104508115333,0,0,T1486
asset_0251,0.9042692805633136,1,0,T1486
asset_0252,0.0033104508115758,0,0,T1486
asset_0253,0.0033104508115333,0,0,T1486
asset_0254,0.9042692805633136,1,0,T1486
asset_0255,0.9042692805633136,1,1,T1486
asset_0256,0.0033104508115333,0,0,T1486
asset_0257,0.0033104508114895,0,0,T1486
asset_0258,0.0033104508115205,0,0,T1486
asset_0259,0.9042692805633136,1,0,T1486
asset_0260,0.0033104508115869,0,0,T1486
asset_0261,0.9042692805633136,1,0,T1486
asset_0262,0.0033454371183524,0,0,T1486
asset_0263,0.9042692805633136,1,0,T1486
asset_0264,0.9042692805633136,1,1,T1486
asset_0265,0.9042692805633136,1,0,T1486
asset_0266,0.0033104508115333,0,0,T1055
asset_0267,0.9042692805633136,1,0,T1486
asset_0268,0.003310450811521,0,0,T1486
asset_0269,0.9042692805633136,1,1,T1486
asset_0270,0.9042692805633136,1,1,T1486
asset_0271,0.0033104508115309,0,0,T1486
asset_0272,0.0033104508135067,0,0,T1486
asset_0273,0.0033104508115333,0,0,T1486
asset_0274,0.0033104508115309,0,0,T1486
asset_0275,0.0033104508115333,0,0,T1486
asset_0276,0.0033104508115333,0,0,T1486
asset_0277,0.9042692805633136,1,1,T1486
asset_0278,0.0033104508114618,0,0,T1486
asset_0279,0.0033104508115333,0,0,T1486
asset_0280,0.9042692805633136,1,0,T1486
asset_0281,0.9042692805633136,1,0,T1486
asset_0282,0.9042692805633136,1,1,T1486
asset_0283,0.0033104508115333,0,0,T1486
asset_0284,0.003310450811489,0,0,T1486
asset_0285,0.0033104508115333,0,0,T1486
asset_0286,0.0033104508115333,0,0,T1486
asset_0287,0.0033104508115333,0,0,T1486
asset_0288,0.0033104490923377,0,0,T1486
asset_0289,0.9042692805633136,1,0,T1486
asset_0290,0.9042692805633136,1,0,T1486
asset_0291,0.9042692805633136,1,1,T1486
asset_0292,0.0033104508115225,0,0,T1486
asset_0293,0.9042692805633136,1,0,T1486
asset_0294,0.0033104508115318,0,0,T1486
asset_0295,0.0033104508115333,0,0,T1486
asset_0296,0.0033104508115201,0,0,T1486
asset_0297,0.0034876736340132,0,0,T1486
asset_0298,0.0033104508115225,0,0,T1486
asset_0299,0.9042692805633136,1,0,T1486
asset_0300,0.0033104508114623,0,0,T1486
asset_0301,0.003310450811466,0,0,T1486
asset_0302,0.9042692805633136,1,1,T1486
asset_0303,0.9042692805633136,1,0,T1486
asset_0304,0.9042692805633136,1,0,T1486
asset_0305,0.9042692805633136,1,0,T1486
asset_0306,0.9042692805633136,1,1,T1486
asset_0307,0.0033104508115333,0,0,T1486
asset_0308,0.9042692805633136,1,0,T1486
asset_0309,0.9042692805633136,1,1,T1486
asset_0310,0.9042692805633136,1,0,T1486
asset_0311,0.0033104508115201,0,0,T1486
asset_0312,0.9042692805633136,1,1,T1486
asset_0313,0.0033104508115333,0,0,T1486
asset_0314,0.9042692805633136,1,1,T1486
asset_0315,0.9042692805633136,1,0,T1486
asset_0316,0.9042692805633136,1,0,T1486
asset_0317,0.0033104508115225,0,0,T1486
asset_0318,0.9042692805633136,1,1,T1486
asset_0319,0.9042692805633136,1,0,T1486
asset_0320,0.9042692805633136,1,0,T1486
asset_0321,0.9042692805633136,1,1,T1486
asset_0322,0.9042692805633136,1,0,T1486
asset_0323,0.9042692805633136,1,1,T1486
asset_0324,0.0033104508115333,0,0,T1486
asset_0325,0.9042692805633136,1,0,T1486
asset_0326,0.0033104508115868,0,0,T1486
asset_0327,0.0033104508115205,0,0,T1486
asset_0328,0.0033104508115333,0,0,T1486
asset_0329,0.9042692805633136,1,0,T1486
asset_0330,0.0033104508115333,0,0,T1486
asset_0331,0.9042692805633136,1,1,T1486
asset_0332,0.0033104508115225,0,0,T1486
asset_0333,0.9042692805633136,1,0,T1486
asset_0334,0.0033104508115309,0,0,T1486
asset_0335,0.0033104508115333,0,0,T1486
asset_0336,0.9042692805633136,1,0,T1486
asset_0337,0.9042692805633136,1,1,T1486
asset_0338,0.0033104508115333,0,0,T1486
asset_0339,0.0033104508114616,0,0,T1486
asset_0340,0.9042692805633136,1,0,T1486
asset_0341,0.0033104508114616,0,0,T1486
asset_0342,0.0033104508115333,0,0,T1486
asset_0343,0.9042692805633136,1,1,T1486
asset_0344,0.9042692805633136,1,1,T1486
asset_0345,0.9042692805633136,1,1,T1486
asset_0346,0.003310450811521,0,0,T1486
asset_0347,0.0033104508115146,0,0,T1486
asset_0348,0.0033104508115333,0,0,T1486
asset_0349,0.0033104508115333,0,0,T1486
asset_0350,0.9042692805633136,1,0,T1486
asset_0351,0.0033104508115309,0,0,T1486
asset_0352,0.0033104508115333,0,0,T1486
asset_0353,0.9042692805633136,1,1,T1486
asset_0354,0.9042692805633136,1,1,T1486
asset_0355,0.9042692805633136,1,1,T1486
asset_0356,0.9042692805633136,1,0,T1486
asset_0357,0.9042692805633136,1,1,T1486
asset_0358,0.0033104508117222,0,0,T1486
asset_0359,0.0033104508115333,0,0,T1486
asset_0360,0.9042692805633136,1,1,T1486
asset_0361,0.9042692805633136,1,0,T1486
asset_0362,0.9042692805633136,1,0,T1486
asset_0363,0.0033104508115333,0,0,T1486
asset_0364,0.9042692805633136,1,0,T1486
asset_0365,0.0033104508115843,0,0,T1486
asset_0366,0.9042692805633136,1,0,T1486
asset_0367,0.003310450811489,0,0,T1486
asset_0368,0.0033104508115309,0,0,T1486
asset_0369,0.9042692805633136,1,0,T1486
asset_0370,0.0033104508115333,0,0,T1486
asset_0371,0.9042692805633136,1,0,T1486
asset_0372,0.0033104508115333,0,0,T1486
asset_0373,0.9042692805633136,1,0,T1486
asset_0374,0.9042692805633136,1,0,T1486
asset_0375,0.9042692805633136,1,1,T1486
asset_0376,0.003310450811466,0,0,T1486
asset_0377,0.0033104508115333,0,0,T1486
asset_0378,0.0033104508115333,0,0,T1486
asset_0379,0.0033104508115248,0,0,T1486
asset_0380,0.0033104508115333,0,0,T1486
asset_0381,0.9042692805633136,1,1,T1486
asset_0382,0.9042692805633136,1,0,T1486
asset_0383,0.0033104508115869,0,0,T1486
asset_0384,0.9042692805633136,1,1,T1486
asset_0385,0.9042692805633136,1,1,T1486
asset_0386,0.9042692805633136,1,0,T1486
asset_0387,0.0033104508115333,0,0,T1486
asset_0388,0.9042692805633136,1,0,T1486
asset_0389,0.9042692805633136,1,1,T1486
asset_0390,0.9042692805633136,1,1,T1486
asset_0391,0.0033104508115318,0,0,T1486
asset_0392,0.9042692805633136,1,1,T1486
asset_0393,0.0033104508115333,0,0,T1486
asset_0394,0.9042692805633136,1,0,T1486
asset_0395,0.9042692805633136,1,1,T1486
asset_0396,0.0033104508115333,0,0,T1486
asset_0397,0.0033104508115333,0,0,T1486
asset_0398,0.9042692805633136,1,1,T1486
asset_0399,0.0033104508115205,0,0,T1486
asset_0400,0.0033104508115333,0,0,T1486
asset_0401,0.0033104508115309,0,0,T1486
asset_0402,0.9042692805633136,1,1,T1486
asset_0403,0.0038345488388173,0,0,T1486
asset_0404,0.0033104508115099,0,0,T1486
asset_0405,0.9042692805633136,1,0,T1486
asset_0406,0.9042692805633136,1,1,T1486
asset_0407,0.0033104482481914,0,0,T1486
asset_0408,0.9042692805633136,1,1,T1486
asset_0409,0.0033104508115333,0,0,T1486
asset_0410,0.0033104508115333,0,0,T1486
asset_0411,0.0033104508115309,0,0,T1486
asset_0412,0.9042692805633136,1,1,T1486
asset_0413,0.0033104508115333,0,0,T1486
asset_0414,0.0033104508115333,0,0,T1486
asset_0415,0.9042692805633136,1,0,T1486
asset_0416,0.0033104508115868,0,0,T1486
asset_0417,0.9042692805633136,1,1,T1486
asset_0418,0.0033104508115333,0,0,T1486
asset_0419,0.9042692805633136,1,1,T1486
asset_0420,0.9042692805633136,1,1,T1486
asset_0421,0.9042692805633136,1,1,T1486
asset_0422,0.9042692805633136,1,1,T1486
asset_0423,0.0033104508115868,0,0,T1486
asset_0424,0.003310450811489,0,0,T1486
asset_0425,0.9042692805633136,1,1,T1486
asset_0426,0.0033104508115333,0,0,T1486
asset_0427,0.003310450811489,0,0,T1486
asset_0428,0.9042692805633136,1,1,T1486
asset_0429,0.0033104508115843,0,0,T1486
asset_0430,0.9042692805633136,1,1,T1486
asset_0431,0.9042692805633136,1,1,T1486
asset_0432,0.0033104508115333,0,0,T1486
asset_0433,0.9042692805633136,1,0,T1486
asset_0434,0.9042692805633136,1,1,T1486
asset_0435,0.0033104508115333,0,0,T1486
asset_0436,0.9042692805633136,1,0,T1486
asset_0437,0.0033104508115843,0,0,T1486
asset_0438,0.9042692805633136,1,1,T1486
asset_0439,0.9042692805633136,1,1,T1486
asset_0440,0.0033104508115205,0,0,T1486
asset_0441,0.9042692805633136,1,0,T1486
asset_0442,0.9042692805633136,1,0,T1486
asset_0443,0.9042692805633136,1,1,T1486
asset_0444,0.9042692805633136,1,1,T1486
asset_0445,0.9042692805633136,1,1,T1486
asset_0446,0.9042692805633136,1,0,T1486
asset_0447,0.9042692805633136,1,1,T1486
asset_0448,0.0033104508115309,0,0,T1486
asset_0449,0.9042692805633136,1,0,T1486
asset_0450,0.0033104508115333,0,0,T1486
asset_0451,0.0033104508115333,0,0,T1486
asset_0452,0.00331045081212,0,0,T1486
asset_0453,0.9042692805633136,1,0,T1486
asset_0454,0.9042692805633136,1,0,T1486
asset_0455,0.9042692805633136,1,1,T1486
asset_0456,0.0033104508115868,0,0,T1486
asset_0457,0.9042692805633136,1,0,T1486
asset_0458,0.9042692805633136,1,0,T1486
asset_0459,0.9042692805633136,1,1,T1486
asset_0460,0.9042692805633136,1,1,T1486
asset_0461,0.0033104508115333,0,0,T1486
asset_0462,0.9042692805633136,1,1,T1486
asset_0463,0.9042692805633136,1,0,T1486
asset_0464,0.0033104508115333,0,0,T1486
asset_0465,0.0033104508115333,0,0,T1055
asset_0466,0.0033104508115869,0,0,T1486
asset_0467,0.9042692805633136,1,0,T1486
asset_0468,0.0033104508115333,0,0,T1486
asset_0469,0.0033104508115333,0,0,T1486
asset_0470,0.0033104508115333,0,0,T1486
asset_0471,0.0033104508115333,0,0,T1486
asset_0472,0.0033104508115309,0,0,T1486
asset_0473,0.9042692805633136,1,0,T1486
asset_0474,0.0033104508115333,0,0,T1486
asset_0475,0.9042692805633136,1,1,T1486
asset_0476,0.0033104508115333,0,0,T1486
asset_0477,0.9042692805633136,1,1,T1486
asset_0478,0.0033104508115333,0,0,T1486
asset_0479,0.0033104508115333,0,0,T1486
asset_0480,0.0033104508114616,0,0,T1486
asset_0481,0.0033104508115333,0,0,T1486
asset_0482,0.9042692805633136,1,0,T1486
asset_0483,0.0033104508114664,0,0,T1486
asset_0484,0.0033104508115333,0,0,T1486
asset_0485,0.9042692805633136,1,1,T1486
asset_0486,0.9042692805633136,1,1,T1486
asset_0487,0.9042692805633136,1,0,T1486
asset_0488,0.0033104508115333,0,0,T1486
asset_0489,0.9042692805633136,1,1,T1486
asset_0490,0.0033104508115333,0,0,T1486
asset_0491,0.0033104508115333,0,0,T1486
asset_0492,0.9042692805633136,1,0,T1486
asset_0493,0.003310450811489,0,0,T1486
asset_0494,0.9042692805633136,1,1,T1486
asset_0495,0.9042692805633136,1,0,T1486
asset_0496,0.9042692805633136,1,1,T1486
asset_0497,0.9042692805633136,1,1,T1486
asset_0498,0.0033104508115333,0,0,T1486
asset_0499,0.0033104508115333,0,0,T1486
asset_0500,0.9042692805633136,1,0,T1486
asset_0501,0.9042692805633136,1,1,T1486
asset_0502,0.9042692805633136,1,0,T1486
asset_0503,0.9042692805633136,1,1,T1486
asset_0504,0.0033104508115333,0,0,T1486
asset_0505,0.0033104508114623,0,0,T1486
asset_0506,0.9042692805633136,1,1,T1486
asset_0507,0.0033104508115333,0,0,T1486
asset_0508,0.9042692805633136,1,0,T1486
asset_0509,0.9042692805633136,1,1,T1486
asset_0510,0.9042692805633136,1,0,T1486
asset_0511,0.9042692805633136,1,1,T1486
asset_0512,0.9042692805633136,1,0,T1486
asset_0513,0.9042692805633136,1,0,T1486
asset_0514,0.9042692805633136,1,0,T1486
asset_0515,0.9042692805633136,1,1,T1486
asset_0516,0.9042692805633136,1,0,T1486
asset_0517,0.9042692805633136,1,0,T1486
asset_0518,0.0033454379976919,0,0,T1486
asset_0519,0.9042692805633136,1,1,T1486
asset_0520,0.0033104508115333,0,0,T1486
asset_0521,0.003310450811466,0,0,T1486
asset_0522,0.9042692805633136,1,1,T1486
asset_0523,0.9042692805633136,1,0,T1486
asset_0524,0.9042692805633136,1,1,T1486
asset_0525,0.0033104508114677,0,0,T1486
asset_0526,0.9042692805633136,1,1,T1486
asset_0527,0.0033104508115333,0,0,T1486
asset_0528,0.9042692805633136,1,0,T1486
asset_0529,0.9042692805633136,1,0,T1486
asset_0530,0.9042692805633136,1,1,T1486
asset_0531,0.0033104508115333,0,0,T1486
asset_0532,0.9042692805633136,1,0,T1486
asset_0533,0.0033104508115309,0,0,T1486
asset_0534,0.9042692805633136,1,1,T1486
asset_0535,0.9042692805633136,1,1,T1486
asset_0536,0.9042692805633136,1,0,T1486
asset_0537,0.9042692805633136,1,1,T1486
asset_0538,0.0033104508114895,0,0,T1486
asset_0539,0.0033104508115163,0,0,T1486
asset_0540,0.0033104508115333,0,0,T1486
asset_0541,0.0033104508115294,0,0,T1486
asset_0542,0.9042692805633136,1,0,T1486
asset_0543,0.0033104508115309,0,0,T1486
asset_0544,0.0033104508115333,0,0,T1486
asset_0545,0.9042692805633136,1,1,T1486
asset_0546,0.0033104508115333,0,0,T1486
asset_0547,0.9042692805633136,1,0,T1486
asset_0548,0.0033104508115333,0,0,T1486
asset_0549,0.0033104508115055,0,0,T1486
asset_0550,0.9042692805633136,1,0,T1486
asset_0551,0.0033104508115333,0,0,T1486
asset_0552,0.9042692805633136,1,0,T1486
asset_0553,0.0033104508115333,0,0,T1486
asset_0554,0.9042692805633136,1,1,T1486
asset_0555,0.9042692805633136,1,1,T1486
asset_0556,0.0033104508115333,0,0,T1486
asset_0557,0.0033104508115309,0,0,T1486
asset_0558,0.9042692805633136,1,1,T1486
asset_0559,0.9042692805633136,1,0,T1486
asset_0560,0.0033104508115333,0,0,T1486
asset_0561,0.0033104508115293,0,0,T1486
asset_0562,0.9042692805633136,1,1,T1486
asset_0563,0.9042692805633136,1,1,T1486
asset_0564,0.0033104508114785,0,0,T1486
asset_0565,0.0033104508115061,0,0,T1486
asset_0566,0.9042692805633136,1,1,T1486
asset_0567,0.9042692805633136,1,1,T1486
asset_0568,0.9042692805633136,1,0,T1486
asset_0569,0.0033104508115333,0,0,T1486
asset_0570,0.0033104508115333,0,0,T1486
asset_0571,0.9042692805633136,1,1,T1486
asset_0572,0.9042692805633136,1,0,T1486
asset_0573,0.0033104508119878,0,0,T1486
asset_0574,0.003310450811489,0,0,T1486
asset_0575,0.0033104508115333,0,0,T1486
asset_0576,0.0033104508115333,0,0,T1486
asset_0577,0.0033104508115333,0,0,T1486
asset_0578,0.0033104508115309,0,0,T1486
asset_0579,0.0033104508120334,0,0,T1486
asset_0580,0.0033104508115333,0,0,T1486
asset_0581,0.0033104389333239,0,0,T1486
asset_0582,0.9042692805633136,1,0,T1486
asset_0583,0.9042692805633136,1,0,T1486
asset_0584,0.003310445788183,0,0,T1486
asset_0585,0.9042692805633136,1,0,T1486
asset_0586,0.9042692805633136,1,1,T1486
asset_0587,0.9042692805633136,1,1,T1486
asset_0588,0.9042692805633136,1,0,T1486
asset_0589,0.0033104508115333,0,0,T1486
asset_0590,0.0033104508115333,0,0,T1486
asset_0591,0.9042692805633136,1,0,T1486
asset_0592,0.9042692805633136,1,1,T1486
asset_0593,0.9042692805633136,1,0,T1486
asset_0594,0.0033104508115333,0,0,T1486
asset_0595,0.9042692805633136,1,0,T1486
asset_0596,0.0033104508115333,0,0,T1486
asset_0597,0.0033104508115784,0,0,T1486
asset_0598,0.9042692805633136,1,0,T1486
asset_0599,0.9042692805633136,1,1,T1486
asset_0600,0.0033104490932545,0,0,T1486
asset_0601,0.0033104508114677,0,0,T1486
asset_0602,0.9042692805633136,1,1,T1486
asset_0603,0.9042692805633136,1,0,T1486
asset_0604,0.0033104508115333,0,0,T1486
asset_0605,0.0033104508115333,0,0,T1486
asset_0606,0.0033104508115333,0,0,T1486
asset_0607,0.0033104508115333,0,0,T1486
asset_0608,0.0033104508115333,0,0,T1486
asset_0609,0.0033104508115333,0,0,T1486
asset_0610,0.9042692805633136,1,0,T1486
asset_0611,0.9042692805633136,1,0,T1486
asset_0612,0.0033104508115208,0,0,T1486
asset_0613,0.0033104508115333,0,0,T1486
asset_0614,0.0033104508115333,0,0,T1486
asset_0615,0.0033104508115294,0,0,T1486
asset_0616,0.0033454925291896,0,0,T1486
asset_0617,0.0033104508115294,0,0,T1486
asset_0618,0.9042692805633136,1,0,T1486
asset_0619,0.0033104508114785,0,0,T1486
asset_0620,0.0033104508115333,0,0,T1486
asset_0621,0.0033104508115333,0,0,T1486
asset_0622,0.9042692805633136,1,1,T1486
asset_0623,0.0033104508114618,0,0,T1486
asset_0624,0.9042692805633136,1,1,T1486
asset_0625,0.9042692805633136,1,1,T1486
asset_0626,0.9042692805633136,1,0,T1486
asset_0627,0.0033104508115176,0,0,T1486
asset_0628,0.0033104508115333,0,0,T1486
asset_0629,0.9042692805633136,1,0,T1486
asset_0630,0.0033104508115333,0,0,T1486
asset_0631,0.0033104508115333,0,0,T1486
asset_0632,0.9042692805633136,1,1,T1486
asset_0633,0.9042692805633136,1,0,T1486
asset_0634,0.9042692805633136,1,1,T1486
asset_0635,0.9042692805633136,1,1,T1486
asset_0636,0.0033104508115333,0,0,T1486
asset_0637,0.9042692805633136,1,0,T1486
asset_0638,0.9042692805633136,1,1,T1486
asset_0639,0.9042692805633136,1,0,T1486
asset_0640,0.0033104508115309,0,0,T1486
asset_0641,0.9042692805633136,1,0,T1486
asset_0642,0.9042692805633136,1,0,T1486
asset_0643,0.0033104508115333,0,0,T1486
asset_0644,0.9042692805633136,1,0,T1486
asset_0645,0.0033104508115333,0,0,T1486
asset_0646,0.9042692805633136,1,1,T1486
asset_0647,0.0033104508114616,0,0,T1486
asset_0648,0.9042692805633136,1,1,T1486
asset_0649,0.0033104508115309,0,0,T1486
asset_0650,0.0033104508115058,0,0,T1486
asset_0651,0.9042692805633136,1,0,T1486
asset_0652,0.0033104508114786,0,0,T1486
asset_0653,0.9042692805633136,1,0,T1486
asset_0654,0.0033104508115333,0,0,T1486
asset_0655,0.9042692805633136,1,1,T1486
asset_0656,0.0033104508115309,0,0,T1486
asset_0657,0.9042692805633136,1,0,T1486
asset_0658,0.9042692805633136,1,0,T1486
asset_0659,0.0033104508115169,0,0,T1486
asset_0660,0.9042692805633136,1,1,T1486
asset_0661,0.9042692805633136,1,1,T1486
asset_0662,0.0033104508115333,0,0,T1486
asset_0663,0.9042692805633136,1,1,T1486
asset_0664,0.9042692805633136,1,1,T1486
asset_0665,0.9042692805633136,1,1,T1486
asset_0666,0.0033104508115309,0,0,T1486
asset_0667,0.9042692805633136,1,1,T1486
asset_0668,0.9042692805633136,1,1,T1486
asset_0669,0.9042692805633136,1,0,T1486
asset_0670,0.9042692805633136,1,0,T1486
asset_0671,0.9042692805633136,1,1,T1486
asset_0672,0.003310450811523,0,0,T1486
asset_0673,0.0033104508115333,0,0,T1486
asset_0674,0.0033104508115869,0,0,T1486
asset_0675,0.9042692805633136,1,1,T1486
asset_0676,0.003310450811489,0,0,T1486
asset_0677,0.9042692805633136,1,0,T1486
asset_0678,0.0033104490005228,0,0,T1486
asset_0679,0.0033104508115293,0,0,T1486
asset_0680,0.9042692805633136,1,0,T1486
asset_0681,0.9042692805633136,1,0,T1486
asset_0682,0.0033104508115333,0,0,T1486
asset_0683,0.0033104508115309,0,0,T1486
asset_0684,0.9042692805633136,1,0,T1486
asset_0685,0.0033104508115333,0,0,T1486
asset_0686,0.9042692805633136,1,0,T1486
asset_0687,0.9042692805633136,1,1,T1486
asset_0688,0.0033104508115333,0,0,T1486
asset_0689,0.9042692805633136,1,0,T1486
asset_0690,0.9042692805633136,1,1,T1486
asset_0691,0.9042692805633136,1,0,T1486
asset_0692,0.9042692805633136,1,0,T1486
asset_0693,0.9042692805633136,1,0,T1486
asset_0694,0.0033104508114935,0,0,T1486
asset_0695,0.0033104508115333,0,0,T1486
asset_0696,0.0033104508115205,0,0,T1486
asset_0697,0.9042692805633136,1,0,T1486
asset_0698,0.0033104508115201,0,0,T1486
asset_0699,0.0033104508115309,0,0,T1486
asset_0700,0.0033104508115868,0,0,T1486
asset_0701,0.9042692805633136,1,0,T1486
asset_0702,0.9042692805633136,1,0,T1486
asset_0703,0.9042692805633136,1,1,T1486
asset_0704,0.9042692805633136,1,1,T1486
asset_0705,0.9042692805633136,1,0,T1486
asset_0706,0.0033104508115333,0,0,T1486
asset_0707,0.9042692805633136,1,1,T1486
asset_0708,0.0033104508115225,0,0,T1486
asset_0709,0.0033104508115869,0,0,T1486
asset_0710,0.9042692805633136,1,0,T1486
asset_0711,0.9042692805633136,1,1,T1486
asset_0712,0.0033104508115333,0,0,T1486
asset_0713,0.9042692805633136,1,0,T1486
asset_0714,0.0033104508115333,0,0,T1486
asset_0715,0.0033104508114889,0,0,T1486
asset_0716,0.0033104508115868,0,0,T1486
asset_0717,0.9042692805633136,1,1,T1486
asset_0718,0.9042692805633136,1,0,T1486
asset_0719,0.9042692805633136,1,0,T1486
asset_0720,0.0033104508115271,0,0,T1486
asset_0721,0.9042692805633136,1,1,T1486
asset_0722,0.0033104508115333,0,0,T1486
asset_0723,0.9042692805633136,1,1,T1486
asset_0724,0.9042692805633136,1,0,T1486
asset_0725,0.9042692805633136,1,1,T1486
asset_0726,0.9042692805633136,1,0,T1486
asset_0727,0.003310450811489,0,0,T1486
asset_0728,0.9042692805633136,1,0,T1486
asset_0729,0.0033104508115309,0,0,T1486
asset_0730,0.0033104508115333,0,0,T1486
asset_0731,0.0033104508115225,0,0,T1486
asset_0732,0.0033104508115205,0,0,T1486
asset_0733,0.9042692805633136,1,0,T1486
asset_0734,0.0033104508114785,0,0,T1486
asset_0735,0.9042692805633136,1,1,T1486
asset_0736,0.9042692805633136,1,1,T1486
asset_0737,0.0033104508117248,0,0,T1486
asset_0738,0.9042692805633136,1,0,T1486
asset_0739,0.0033104508115868,0,0,T1486
asset_0740,0.0033104508115868,0,0,T1486
asset_0741,0.0033104508114552,0,0,T1486
asset_0742,0.0033104508115333,0,0,T1486
asset_0743,0.0033104508115333,0,0,T1486
asset_0744,0.0033104508115333,0,0,T1486
asset_0745,0.0033104508115333,0,0,T1486
asset_0746,0.0033104508115061,0,0,T1486
asset_0747,0.9042692805633136,1,1,T1486
asset_0748,0.9042692805633136,1,1,T1486
asset_0749,0.0033104499683465,0,0,T1486
asset_0750,0.9042692805633136,1,0,T1486
asset_0751,0.9042692805633136,1,1,T1486
asset_0752,0.9042692805633136,1,0,T1486
asset_0753,0.9042692805633136,1,0,T1486
asset_0754,0.0033104508115333,0,0,T1486
asset_0755,0.9042692805633136,1,1,T1486
asset_0756,0.9042692805633136,1,1,T1486
asset_0757,0.0033104508115333,0,0,T1486
asset_0758,0.9042692805633136,1,1,T1486
asset_0759,0.0033104508115099,0,0,T1486
asset_0760,0.0033104508115333,0,0,T1055
asset_0761,0.0033104508115333,0,0,T1486
asset_0762,0.9042692805633136,1,0,T1486
asset_0763,0.0033104508115333,0,0,T1486
asset_0764,0.0033104508115333,0,0,T1486
asset_0765,0.0033104508115333,0,0,T1486
asset_0766,0.0033104508115333,0,0,T1486
asset_0767,0.0033104508115333,0,0,T1486
asset_0768,0.0033104508115333,0,0,T1486
asset_0769,0.0033104508115169,0,0,T1486
asset_0770,0.0033104508115333,0,0,T1486
asset_0771,0.9042692805633136,1,0,T1486
asset_0772,0.9042692805633136,1,1,T1486
asset_0773,0.9042692805633136,1,1,T1486
asset_0774,0.9042692805633136,1,0,T1486
asset_0775,0.0033104508115099,0,0,T1486
asset_0776,0.9042692805633136,1,0,T1486
asset_0777,0.9042692805633136,1,1,T1486
asset_0778,0.9042692805633136,1,1,T1486
asset_0779,0.9042692805633136,1,0,T1486
asset_0780,0.9042692805633136,1,0,T1486
asset_0781,0.0033104508115868,0,0,T1486
asset_0782,0.9042692805633136,1,0,T1486
asset_0783,0.0033104508115333,0,0,T1486
asset_0784,0.9042692805633136,1,0,T1486
asset_0785,0.9042692805633136,1,1,T1486
asset_0786,0.9042692805633136,1,1,T1486
asset_0787,0.9042692805633136,1,1,T1486
asset_0788,0.003310450811489,0,0,T1486
asset_0789,0.003345430014826,0,0,T1486
asset_0790,0.9042692805633136,1,0,T1486
asset_0791,0.0033104508115869,0,0,T1486
asset_0792,0.9042692805633136,1,0,T1486
asset_0793,0.9042692805633136,1,1,T1486
asset_0794,0.9042692805633136,1,1,T1486
asset_0795,0.9042692805633136,1,0,T1486
asset_0796,0.9042692805633136,1,0,T1486
asset_0797,0.0033104508115333,0,0,T1486
asset_0798,0.9042692805633136,1,0,T1486
asset_0799,0.0033104508115309,0,0,T1486
asset_0800,0.0033104508115333,0,0,T1486
asset_0801,0.003310450811489,0,0,T1486
asset_0802,0.9042692805633136,1,0,T1486
asset_0803,0.0033104508115333,0,0,T1486
asset_0804,0.0033104508115333,0,0,T1486
asset_0805,0.9042692805633136,1,0,T1486
asset_0806,0.9042692805633136,1,0,T1486
asset_0807,0.9042692805633136,1,0,T1486
asset_0808,0.9042692805633136,1,1,T1486
asset_0809,0.0033104508115196,0,0,T1486
asset_0810,0.0033104508115333,0,0,T1486
asset_0811,0.9042692805633136,1,1,T1486
asset_0812,0.9042692805633136,1,0,T1486
asset_0813,0.9042692805633136,1,1,T1486
asset_0814,0.9042692805633136,1,1,T1486
asset_0815,0.9042692805633136,1,0,T1486
asset_0816,0.9042692805633136,1,1,T1486
asset_0817,0.0033104508115333,0,0,T1055
asset_0818,0.9042692805633136,1,0,T1486
asset_0819,0.9042692805633136,1,0,T1486
asset_0820,0.9042692805633136,1,1,T1486
asset_0821,0.0033104508115869,0,0,T1486
asset_0822,0.9042692805633136,1,1,T1486
asset_0823,0.9042692805633136,1,1,T1486
asset_0824,0.9042692805633136,1,0,T1486
asset_0825,0.0033104508115294,0,0,T1486
asset_0826,0.0033104508115333,0,0,T1486
asset_0827,0.9042692805633136,1,1,T1486
asset_0828,0.9042692805633136,1,0,T1486
asset_0829,0.9042692805633136,1,1,T1486
asset_0830,0.9042692805633136,1,1,T1486
asset_0831,0.0033104508115309,0,0,T1486
asset_0832,0.9042692805633136,1,1,T1486
asset_0833,0.9042692805633136,1,1,T1486
asset_0834,0.9042692805633136,1,0,T1486
asset_0835,0.0033104508115167,0,0,T1486
asset_0836,0.9042692805633136,1,0,T1486
asset_0837,0.9042692805633136,1,0,T1486
asset_0838,0.9042692805633136,1,0,T1486
asset_0839,0.0033104508115333,0,0,T1486
asset_0840,0.9042692805633136,1,0,T1486
asset_0841,0.0033104508115333,0,0,T1486
asset_0842,0.9042692805633136,1,1,T1486
asset_0843,0.9042692805633136,1,1,T1486
asset_0844,0.0033104508115294,0,0,T1486
asset_0845,0.9042692805633136,1,1,T1486
asset_0846,0.9042692805633136,1,1,T1486
asset_0847,0.0033104508115333,0,0,T1055
asset_0848,0.0033104508115225,0,0,T1486
asset_0849,0.9042692805633136,1,0,T1486
asset_0850,0.0033454389816955,0,0,T1486
asset_0851,0.0033104508115333,0,0,T1486
asset_0852,0.9042692805633136,1,1,T1486
asset_0853,0.0033104508115225,0,0,T1486
asset_0854,0.9042692805633136,1,1,T1486
asset_0855,0.9042692805633136,1,1,T1486
asset_0856,0.0033104508114935,0,0,T1486
asset_0857,0.9042692805633136,1,1,T1486
asset_0858,0.9042692805633136,1,1,T1486
asset_0859,0.9042692805633136,1,1,T1486
asset_0860,0.0033104508115333,0,0,T1486
asset_0861,0.9042692805633136,1,0,T1486
asset_0862,0.9042692805633136,1,1,T1486
asset_0863,0.9042692805633136,1,1,T1486
asset_0864,0.9042692805633136,1,0,T1486
asset_0865,0.9042692805633136,1,1,T1486
asset_0866,0.0033104508115333,0,0,T1486
asset_0867,0.9042692805633136,1,1,T1486
asset_0868,0.9042692805633136,1,1,T1486
asset_0869,0.0033104508115293,0,0,T1486
asset_0870,0.0033104508115868,0,0,T1486
asset_0871,0.9042692805633136,1,1,T1486
asset_0872,0.9042692805633136,1,0,T1486
asset_0873,0.0033104508115868,0,0,T1486
asset_0874,0.0033104508115333,0,0,T1486
asset_0875,0.9042692805633136,1,1,T1486
asset_0876,0.0033104508115333,0,0,T1486
asset_0877,0.0033104508115333,0,0,T1486
asset_0878,0.9042692805633136,1,0,T1486
asset_0879,0.9042692805633136,1,0,T1486
asset_0880,0.9042692805633136,1,0,T1486
asset_0881,0.0033104508115333,0,0,T1486
asset_0882,0.0033104508115333,0,0,T1486
asset_0883,0.9042692805633136,1,0,T1486
asset_0884,0.9042692805633136,1,0,T1486
asset_0885,0.0033104508115333,0,0,T1486
asset_0886,0.0033104508115271,0,0,T1486
asset_0887,0.0033104490923377,0,0,T1486
asset_0888,0.0033804806989038,0,0,T1486
asset_0889,0.9042692805633136,1,1,T1486
asset_0890,0.9042692805633136,1,0,T1486
asset_0891,0.0033104508115309,0,0,T1486
asset_0892,0.9042692805633136,1,0,T1486
asset_0893,0.9042692805633136,1,1,T1486
asset_0894,0.0033104508114616,0,0,T1486
asset_0895,0.0033104508115333,0,0,T1486
asset_0896,0.9042692805633136,1,0,T1486
asset_0897,0.0033104508115309,0,0,T1486
asset_0898,0.0033104508115205,0,0,T1486
asset_0899,0.9042692805633136,1,1,T1486
asset_0900,0.0033104508115333,0,0,T1486
asset_0901,0.9042692805633136,1,1,T1486
asset_0902,0.9042692805633136,1,0,T1486
asset_0903,0.9042692805633136,1,1,T1486
asset_0904,0.0033104508115333,0,0,T1486
asset_0905,0.0033104508115333,0,0,T1055
asset_0906,0.0033104508115333,0,0,T1486
asset_0907,0.9042692805633136,1,1,T1486
asset_0908,0.0033104508115186,0,0,T1486
asset_0909,0.9042692805633136,1,0,T1486
asset_0910,0.9042692805633136,1,0,T1486
asset_0911,0.0033104508115333,0,0,T1486
asset_0912,0.0033104508115333,0,0,T1486
asset_0913,0.9042692805633136,1,1,T1486
asset_0914,0.9042692805633136,1,0,T1486
asset_0915,0.0033454904089115,0,0,T1486
asset_0916,0.9042692805633136,1,0,T1486
asset_0917,0.0033104508115333,0,0,T1486
asset_0918,0.0033104508115333,0,0,T1486
asset_0919,0.0033104508115333,0,0,T1486
asset_0920,0.9042692805633136,1,0,T1486
asset_0921,0.9042692805633136,1,1,T1486
asset_0922,0.9042692805633136,1,0,T1486
asset_0923,0.0033104508115333,0,0,T1486
asset_0924,0.0033104508115309,0,0,T1486
asset_0925,0.0033104508115333,0,0,T1486
asset_0926,0.0033104508115333,0,0,T1486
asset_0927,0.0033104508115333,0,0,T1486
asset_0928,0.0033104508115333,0,0,T1486
asset_0929,0.9042692805633136,1,0,T1486
asset_0930,0.0033104499673624,0,0,T1486
asset_0931,0.9042692805633136,1,0,T1486
asset_0932,0.0033104508115333,0,0,T1486
asset_0933,0.0033104508115309,0,0,T1486
asset_0934,0.0033104508115333,0,0,T1486
asset_0935,0.0033454389836629,0,0,T1486
asset_0936,0.9042692805633136,1,1,T1486
asset_0937,0.9042692805633136,1,0,T1486
asset_0938,0.0033104508115333,0,0,T1486
asset_0939,0.9042692805633136,1,1,T1486
asset_0940,0.9042692805633136,1,0,T1486
asset_0941,0.9042692805633136,1,1,T1486
asset_0942,0.9042692805633136,1,1,T1486
asset_0943,0.0033104508115342,0,0,T1486
asset_0944,0.9042692805633136,1,1,T1486
asset_0945,0.9042692805633136,1,1,T1486
asset_0946,0.9042692805633136,1,0,T1486
asset_0947,0.9042692805633136,1,1,T1486
asset_0948,0.9042692805633136,1,0,T1486
asset_0949,0.0033104508114889,0,0,T1486
asset_0950,0.9042692805633136,1,0,T1486
asset_0951,0.0033104508115333,0,0,T1486
asset_0952,0.9042692805633136,1,1,T1486
asset_0953,0.9042692805633136,1,1,T1486
asset_0954,0.0033104508114552,0,0,T1486
asset_0955,0.9042692805633136,1,1,T1486
asset_0956,0.9042692805633136,1,1,T1486
asset_0957,0.0033104499674126,0,0,T1486
asset_0958,0.0033104508115293,0,0,T1486
asset_0959,0.0033104508115333,0,0,T1486
asset_0960,0.0033104508115333,0,0,T1486
asset_0961,0.9042692805633136,1,0,T1486
asset_0962,0.0033104508115333,0,0,T1486
asset_0963,0.0033104508115333,0,0,T1486
asset_0964,0.0033104508115309,0,0,T1486
asset_0965,0.9042692805633136,1,0,T1486
asset_0966,0.9042692805633136,1,0,T1486
asset_0967,0.9042692805633136,1,0,T1486
asset_0968,0.0033104508115294,0,0,T1486
asset_0969,0.9042692805633136,1,1,T1486
asset_0970,0.9042692805633136,1,0,T1486
asset_0971,0.0033104508115309,0,0,T1486
asset_0972,0.0037873349811709,0,0,T1486
asset_0973,0.0033104508115146,0,0,T1486
asset_0974,0.0033104508114785,0,0,T1486
asset_0975,0.0033104508114785,0,0,T1486
asset_0976,0.9042692805633136,1,1,T1486
asset_0977,0.0033104508115333,0,0,T1486
asset_0978,0.9042692805633136,1,0,T1486
asset_0979,0.9042692805633136,1,0,T1486
asset_0980,0.0033104508115333,0,0,T1486
asset_0981,0.0033104508115333,0,0,T1486
asset_0982,0.0033104508115333,0,0,T1486
asset_0983,0.9042692805633136,1,0,T1486
asset_0984,0.0033104508115333,0,0,T1486
asset_0985,0.9042692805633136,1,0,T1486
asset_0986,0.9042692805633136,1,1,T1486
asset_0987,0.0033104508115318,0,0,T1486
asset_0988,0.0033104508115333,0,0,T1486
asset_0989,0.0033104508115225,0,0,T1486
asset_0990,0.9042692805633136,1,1,T1486
asset_0991,0.9042692805633136,1,1,T1486
asset_0992,0.9042692805633136,1,1,T1486
asset_0993,0.9042692805633136,1,1,T1486
asset_0994,0.0033104508115333,0,0,T1486
asset_0995,0.0033104508115333,0,0,T1486
asset_0996,0.0033104508115333,0,0,T1486
asset_0997,0.0033104508115333,0,0,T1486
asset_0998,0.0033104508115333,0,0,T1486
asset_0999,0.9042692805633136,1,1,T1486
asset_1000,0.9042692805633136,1,0,T1486
asset_1001,0.0033104508115333,0,0,T1486
asset_1002,0.9042692805633136,1,1,T1486
asset_1003,0.9042692805633136,1,0,T1486
asset_1004,0.0033104508115333,0,0,T1486
asset_1005,0.0033104508115333,0,0,T1486
asset_1006,0.0033104508115309,0,0,T1486
asset_1007,0.0033104508115225,0,0,T1486
asset_1008,0.9042692805633136,1,1,T1486
asset_1009,0.9042692805633136,1,1,T1486
asset_1010,0.9042692805633136,1,0,T1486
asset_1011,0.9042692805633136,1,1,T1486
asset_1012,0.9042692805633136,1,1,T1486
asset_1013,0.9042692805633136,1,1,T1486
asset_1014,0.0033104508115271,0,0,T1486
asset_1015,0.9042692805633136,1,0,T1486
asset_1016,0.9042692805633136,1,0,T1486
asset_1017,0.9042692805633136,1,1,T1486
asset_1018,0.9042692805633136,1,1,T1486
asset_1019,0.0033104508115271,0,0,T1486
asset_1020,0.0033104508115333,0,0,T1486
asset_1021,0.9042692805633136,1,0,T1486
asset_1022,0.0033104508115046,0,0,T1486
asset_1023,0.0033104508115201,0,0,T1486
asset_1024,0.9042692805633136,1,1,T1486
asset_1025,0.0033104508115333,0,0,T1486
asset_1026,0.0033104508115201,0,0,T1486
asset_1027,0.0033104508115868,0,0,T1486
asset_1028,0.0033104508115333,0,0,T1055
asset_1029,0.0033104508115333,0,0,T1486
asset_1030,0.9042692805633136,1,0,T1486
asset_1031,0.0033104499672667,0,0,T1486
asset_1032,0.0033104508115333,0,0,T1486
asset_1033,0.9042692805633136,1,1,T1486
asset_1034,0.9042692805633136,1,0,T1486
asset_1035,0.9042692805633136,1,0,T1486
asset_1036,0.9042692805633136,1,1,T1486
asset_1037,0.9042692805633136,1,0,T1486
asset_1038,0.9042692805633136,1,1,T1486
asset_1039,0.9042692805633136,1,0,T1486
asset_1040,0.0033104508115309,0,0,T1486
asset_1041,0.9042692805633136,1,1,T1486
asset_1042,0.9042692805633136,1,0,T1486
asset_1043,0.0033104508115061,0,0,T1486
asset_1044,0.0033104508115333,0,0,T1486
asset_1045,0.0033104508115869,0,0,T1486
asset_1046,0.9042692805633136,1,0,T1486
asset_1047,0.9042692805633136,1,0,T1486
asset_1048,0.0033104508115333,0,0,T1486
asset_1049,0.0033104508115333,0,0,T1486
asset_1050,0.9042692805633136,1,1,T1486
asset_1051,0.9042692805633136,1,0,T1486
asset_1052,0.9042692805633136,1,1,T1486
asset_1053,0.0033104508115333,0,0,T1486
asset_1054,0.0033104508115333,0,0,T1486
asset_1055,0.9042692805633136,1,1,T1486
asset_1056,0.9042692805633136,1,0,T1486
asset_1057,0.9042692805633136,1,1,T1486
asset_1058,0.9042692805633136,1,0,T1486
asset_1059,0.9042692805633136,1,1,T1486
asset_1060,0.0033104508115309,0,0,T1486
asset_1061,0.9042692805633136,1,1,T1486
asset_1062,0.9042692805633136,1,0,T1486
asset_1063,0.9042692805633136,1,1,T1486
asset_1064,0.0033104508115333,0,0,T1486
asset_1065,0.0033104508115333,0,0,T1486
asset_1066,0.9042692805633136,1,0,T1486
asset_1067,0.0033104508115309,0,0,T1486
asset_1068,0.0033104508115309,0,0,T1486
asset_1069,0.9042692805633136,1,1,T1486
asset_1070,0.9042692805633136,1,1,T1486
asset_1071,0.0033104508115333,0,0,T1486
asset_1072,0.9042692805633136,1,0,T1486
asset_1073,0.9042692805633136,1,0,T1486
asset_1074,0.0033104508115333,0,0,T1486
asset_1075,0.9042692805633136,1,1,T1486
asset_1076,0.9042692805633136,1,1,T1486
asset_1077,0.0033104508114616,0,0,T1486
asset_1078,0.0033104508115333,0,0,T1486
asset_1079,0.9042692805633136,1,0,T1486
asset_1080,0.0033104508115333,0,0,T1486
asset_1081,0.0033104508115333,0,0,T1486
asset_1082,0.0033104508115309,0,0,T1486
asset_1083,0.003345437918551,0,0,T1486
asset_1084,0.0033104508115868,0,0,T1486
asset_1085,0.9042692805633136,1,1,T1486
asset_1086,0.0033104508115333,0,0,T1486
asset_1087,0.0033104508115205,0,0,T1486
asset_1088,0.9042692805633136,1,0,T1486
asset_1089,0.0033104508114897,0,0,T1486
asset_1090,0.9042692805633136,1,0,T1486
asset_1091,0.0033104508115201,0,0,T1486
asset_1092,0.9042692805633136,1,1,T1486
asset_1093,0.9042692805633136,1,0,T1486
asset_1094,0.0033104508115333,0,0,T1486
asset_1095,0.0033104508115294,0,0,T1486
asset_1096,0.0033104508115333,0,0,T1486
asset_1097,0.9042692805633136,1,1,T1486
asset_1098,0.0033104508115333,0,0,T1486
asset_1099,0.0033104508115333,0,0,T1486
asset_1100,0.9042692805633136,1,1,T1486
asset_1101,0.0033104508114785,0,0,T1486
asset_1102,0.0033104508115225,0,0,T1486
asset_1103,0.0033104457881829,0,0,T1486
asset_1104,0.9042692805633136,1,0,T1486
asset_1105,0.9042692805633136,1,0,T1486
asset_1106,0.9042692805633136,1,1,T1486
asset_1107,0.9042692805633136,1,0,T1486
asset_1108,0.9042692805633136,1,1,T1486
asset_1109,0.0033104508115333,0,0,T1486
asset_1110,0.0033104508115333,0,0,T1486
asset_1111,0.9042692805633136,1,0,T1486
asset_1112,0.0033104508115294,0,0,T1486
asset_1113,0.0033104508114824,0,0,T1486
asset_1114,0.9042692805633136,1,1,T1486
asset_1115,0.0033104508115201,0,0,T1486
asset_1116,0.0033104457881829,0,0,T1486
asset_1117,0.9042692805633136,1,0,T1486
asset_1118,0.0033104508115333,0,0,T1486
asset_1119,0.0033104508115333,0,0,T1486
asset_1120,0.0033104508115333,0,0,T1486
asset_1121,0.9042692805633136,1,0,T1486
asset_1122,0.9042692805633136,1,1,T1486
asset_1123,0.0033104508115333,0,0,T1486
asset_1124,0.9042692805633136,1,1,T1486
asset_1125,0.9042692805633136,1,1,T1486
asset_1126,0.0033804806999925,0,0,T1486
asset_1127,0.9042692805633136,1,0,T1486
asset_1128,0.9042692805633136,1,1,T1486
asset_1129,0.0033104508115333,0,0,T1486
asset_1130,0.003310450811489,0,0,T1486
asset_1131,0.0033104508115333,0,0,T1486
asset_1132,0.0033104508115868,0,0,T1486
asset_1133,0.0033104508115061,0,0,T1486
asset_1134,0.0033104508115058,0,0,T1486
asset_1135,0.0033104508115333,0,0,T1486
asset_1136,0.0033104508115333,0,0,T1486
asset_1137,0.9042692805633136,1,0,T1486
asset_1138,0.9042692805633136,1,0,T1486
asset_1139,0.0033104508115333,0,0,T1486
asset_1140,0.9042692805633136,1,1,T1486
asset_1141,0.9042692805633136,1,0,T1486
asset_1142,0.9042692805633136,1,0,T1486
asset_1143,0.0033104508115333,0,0,T1486
asset_1144,0.0033104508115333,0,0,T1486
asset_1145,0.9042692805633136,1,1,T1486
asset_1146,0.0033104508115205,0,0,T1486
asset_1147,0.9042692805633136,1,0,T1486
asset_1148,0.9042692805633136,1,0,T1486
asset_1149,0.0033104508115225,0,0,T1486
asset_1150,0.9042692805633136,1,0,T1486
asset_1151,0.0033104508115333,0,0,T1486
asset_1152,0.9042692805633136,1,1,T1486
asset_1153,0.9042692805633136,1,1,T1486
asset_1154,0.9042692805633136,1,1,T1486
asset_1155,0.0033104508116791,0,0,T1486
asset_1156,0.0033104508115333,0,0,T1486
asset_1157,0.0033104508115333,0,0,T1486
asset_1158,0.003310449967819,0,0,T1486
asset_1159,0.003310450811531,0,0,T1486
asset_1160,0.9042692805633136,1,1,T1486
asset_1161,0.0033104508115225,0,0,T1486
asset_1162,0.0033104508115333,0,0,T1486
asset_1163,0.9042692805633136,1,1,T1486
asset_1164,0.0033104508115205,0,0,T1486
asset_1165,0.0033104508115205,0,0,T1486
asset_1166,0.9042692805633136,1,1,T1486
asset_1167,0.0033104508115333,0,0,T1486
asset_1168,0.0033104508114508,0,0,T1486
asset_1169,0.9042692805633136,1,1,T1486
asset_1170,0.9042692805633136,1,0,T1486
asset_1171,0.9042692805633136,1,1,T1486
asset_1172,0.9042692805633136,1,0,T1486
asset_1173,0.0033104508114889,0,0,T1486
asset_1174,0.9042692805633136,1,1,T1486
asset_1175,0.0033104508115333,0,0,T1486
asset_1176,0.9042692805633136,1,0,T1486
asset_1177,0.0033104508115185,0,0,T1486
asset_1178,0.9042692805633136,1,0,T1486
asset_1179,0.9042692805633136,1,0,T1486
asset_1180,0.0033104508115333,0,0,T1486
asset_1181,0.9042692805633136,1,1,T1486
asset_1182,0.00334543898181,0,0,T1486
asset_1183,0.9042692805633136,1,0,T1486
asset_1184,0.9042692805633136,1,1,T1486
asset_1185,0.9042692805633136,1,0,T1486
asset_1186,0.0033104508115333,0,0,T1486
asset_1187,0.0033104508115333,0,0,T1055
asset_1188,0.0033104508115333,0,0,T1486
asset_1189,0.0033104508115205,0,0,T1486
asset_1190,0.0033104508114616,0,0,T1486
asset_1191,0.9042692805633136,1,1,T1486
asset_1192,0.9042692805633136,1,0,T1486
asset_1193,0.0033104508115333,0,0,T1486
asset_1194,0.0033104508115333,0,0,T1486
asset_1195,0.9042692805633136,1,1,T1486
asset_1196,0.9042692805633136,1,1,T1486
asset_1197,0.0033104508115309,0,0,T1486
asset_1198,0.9042692805633136,1,1,T1486
asset_1199,0.9042692805633136,1,0,T1486
asset_1200,0.0033104508115333,0,0,T1486
asset_1201,0.0033104508115333,0,0,T1486
asset_1202,0.0033104508115333,0,0,T1486
asset_1203,0.9042692805633136,1,1,T1486
asset_1204,0.0033104508115868,0,0,T1486
asset_1205,0.9042692805633136,1,1,T1486
asset_1206,0.9042692805633136,1,0,T1486
asset_1207,0.0033104508115333,0,0,T1486
asset_1208,0.9042692805633136,1,1,T1486
asset_1209,0.9042692805633136,1,1,T1486
asset_1210,0.0033104508115333,0,0,T1486
asset_1211,0.9042692805633136,1,1,T1486
asset_1212,0.0033104508115333,0,0,T1486
asset_1213,0.9042692805633136,1,1,T1486
asset_1214,0.0033454389830932,0,0,T1486
asset_1215,0.0033104508115333,0,0,T1486
asset_1216,0.0033104508115294,0,0,T1486
asset_1217,0.0033104508114552,0,0,T1486
asset_1218,0.9042692805633136,1,0,T1486
asset_1219,0.0033104508115058,0,0,T1486
asset_1220,0.9042692805633136,1,0,T1486
asset_1221,0.9042692805633136,1,0,T1486
asset_1222,0.0033104508115869,0,0,T1486
asset_1223,0.9042692805633136,1,1,T1486
asset_1224,0.9042692805633136,1,0,T1486
asset_1225,0.9042692805633136,1,0,T1486
asset_1226,0.0033104508115293,0,0,T1486
asset_1227,0.0033104508115333,0,0,T1486
asset_1228,0.9042692805633136,1,1,T1486
asset_1229,0.9042692805633136,1,0,T1486
asset_1230,0.0033104508115784,0,0,T1486
asset_1231,0.9042692805633136,1,1,T1486
asset_1232,0.9042692805633136,1,1,T1486
asset_1233,0.9042692805633136,1,1,T1486
asset_1234,0.9042692805633136,1,0,T1486
asset_1235,0.0033104508115333,0,0,T1486
asset_1236,0.0033104508115333,0,0,T1486
asset_1237,0.9042692805633136,1,1,T1486
asset_1238,0.9042692805633136,1,0,T1486
asset_1239,0.9042692805633136,1,1,T1486
asset_1240,0.9042692805633136,1,0,T1486
asset_1241,0.9042692805633136,1,0,T1486
asset_1242,0.0033104508115225,0,0,T1486
asset_1243,0.9042692805633136,1,0,T1486
asset_1244,0.9042692805633136,1,0,T1486
asset_1245,0.9042692805633136,1,0,T1486
asset_1246,0.0033104508115333,0,0,T1486
asset_1247,0.9042692805633136,1,1,T1486
asset_1248,0.0033104472641503,0,0,T1486
asset_1249,0.0033104508115284,0,0,T1486
asset_1250,0.0033104508115333,0,0,T1486
asset_1251,0.0033104508114889,0,0,T1486
asset_1252,0.0033104508115333,0,0,T1486
asset_1253,0.9042692805633136,1,0,T1486
asset_1254,0.9042692805633136,1,0,T1486
asset_1255,0.9042692805633136,1,0,T1486
asset_1256,0.0033104508115333,0,0,T1486
asset_1257,0.0033104508115333,0,0,T1486
asset_1258,0.9042692805633136,1,0,T1486
asset_1259,0.9042692805633136,1,0,T1486
asset_1260,0.9042692805633136,1,1,T1486
asset_1261,0.9042692805633136,1,0,T1486
asset_1262,0.0033104508115333,0,0,T1486
asset_1263,0.9042692805633136,1,0,T1486
asset_1264,0.9042692805633136,1,1,T1486
asset_1265,0.9042692805633136,1,0,T1486
asset_1266,0.0033104508115333,0,0,T1486
asset_1267,0.0033104508115333,0,0,T1486
asset_1268,0.9042692805633136,1,1,T1486
asset_1269,0.9042692805633136,1,1,T1486
asset_1270,0.0033104508115333,0,0,T1486
asset_1271,0.0033104508115333,0,0,T1486
asset_1272,0.0033104508115333,0,0,T1486
asset_1273,0.0033104508115868,0,0,T1486
asset_1274,0.0033104508115061,0,0,T1486
asset_1275,0.9042692805633136,1,1,T1486
asset_1276,0.0033104508115333,0,0,T1486
asset_1277,0.0033104508115333,0,0,T1486
asset_1278,0.0033104508115333,0,0,T1486
asset_1279,0.0033104508115333,0,0,T1486
asset_1280,0.0033104508115333,0,0,T1486
asset_1281,0.0033104508115333,0,0,T1486
asset_1282,0.9042692805633136,1,1,T1486
asset_1283,0.0033104508115333,0,0,T1486
asset_1284,0.0033104508115333,0,0,T1486
asset_1285,0.9042692805633136,1,0,T1486
asset_1286,0.9042692805633136,1,0,T1486
asset_1287,0.9042692805633136,1,0,T1486
asset_1288,0.0033104508115333,0,0,T1486
asset_1289,0.0033104508115333,0,0,T1486
asset_1290,0.0033104490923378,0,0,T1486
asset_1291,0.9042692805633136,1,0,T1486
asset_1292,0.9042692805633136,1,1,T1486
asset_1293,0.003310450811489,0,0,T1486
asset_1294,0.9042692805633136,1,0,T1486
asset_1295,0.0033104508115333,0,0,T1486
asset_1296,0.9042692805633136,1,0,T1486
asset_1297,0.9042692805633136,1,0,T1486
asset_1298,0.0038348346312891,0,0,T1486
asset_1299,0.9042692805633136,1,0,T1486
asset_1300,0.0033104508115868,0,0,T1486
asset_1301,0.9042692805633136,1,1,T1486
asset_1302,0.9042692805633136,1,0,T1486
asset_1303,0.9042692805633136,1,1,T1486
asset_1304,0.003310450811489,0,0,T1486
asset_1305,0.0033104508115333,0,0,T1486
asset_1306,0.9042692805633136,1,1,T1486
asset_1307,0.9042692805633136,1,1,T1486
asset_1308,0.0033104508117248,0,0,T1486
asset_1309,0.0033104508115333,0,0,T1055
asset_1310,0.0033104508115333,0,0,T1486
asset_1311,0.9042692805633136,1,0,T1486
asset_1312,0.9042692805633136,1,1,T1486
asset_1313,0.9042692805633136,1,1,T1486
asset_1314,0.9042692805633136,1,0,T1486
asset_1315,0.0033104508115333,0,0,T1486
asset_1316,0.9042692805633136,1,1,T1486
asset_1317,0.9042692805633136,1,0,T1486
asset_1318,0.0033104508115333,0,0,T1486
asset_1319,0.0033104490933179,0,0,T1486
asset_1320,0.0033104508115333,0,0,T1486
asset_1321,0.0033104508115333,0,0,T1486
asset_1322,0.0033104508115333,0,0,T1486
asset_1323,0.9042692805633136,1,0,T1486
asset_1324,0.0033104508115333,0,0,T1486
asset_1325,0.0033104508115333,0,0,T1486
asset_1326,0.9042692805633136,1,0,T1486
asset_1327,0.0033104508115205,0,0,T1486
asset_1328,0.0033104508115318,0,0,T1486
asset_1329,0.0033104508115333,0,0,T1486
asset_1330,0.9042692805633136,1,0,T1486
asset_1331,0.9042692805633136,1,0,T1486
asset_1332,0.9042692805633136,1,0,T1486
asset_1333,0.0033104508115061,0,0,T1486
asset_1334,0.9042692805633136,1,0,T1486
asset_1335,0.0033104508115333,0,0,T1486
asset_1336,0.9042692805633136,1,0,T1486
asset_1337,0.9042692805633136,1,0,T1486
asset_1338,0.9042692805633136,1,0,T1486
asset_1339,0.0033104508115333,0,0,T1486
asset_1340,0.0033104508115333,0,0,T1486
asset_1341,0.9042692805633136,1,0,T1486
asset_1342,0.9042692805633136,1,0,T1486
asset_1343,0.9042692805633136,1,0,T1486
asset_1344,0.0033104508115333,0,0,T1486
asset_1345,0.9042692805633136,1,1,T1486
asset_1346,0.9042692805633136,1,1,T1486
asset_1347,0.9042692805633136,1,0,T1486
asset_1348,0.9042692805633136,1,0,T1486
asset_1349,0.0033104508115333,0,0,T1486
asset_1350,0.0033104508115333,0,0,T1486
asset_1351,0.9042692805633136,1,1,T1486
asset_1352,0.0033104508115333,0,0,T1486
asset_1353,0.0033104508121311,0,0,T1486
asset_1354,0.9042692805633136,1,0,T1486
asset_1355,0.9042692805633136,1,1,T1486
asset_1356,0.9042692805633136,1,1,T1486
asset_1357,0.9042692805633136,1,1,T1486
asset_1358,0.0033104508115333,0,0,T1486
asset_1359,0.0033104508115333,0,0,T1486
asset_1360,0.0033104508115333,0,0,T1486
asset_1361,0.0033104508115333,0,0,T1486
asset_1362,0.0033104508115293,0,0,T1486
asset_1363,0.9042692805633136,1,0,T1486
asset_1364,0.9042692805633136,1,1,T1486
asset_1365,0.9042692805633136,1,0,T1486
asset_1366,0.9042692805633136,1,1,T1486
asset_1367,0.0033104508115333,0,0,T1486
asset_1368,0.9042692805633136,1,1,T1486
asset_1369,0.0033104508115225,0,0,T1486
asset_1370,0.0033104508115333,0,0,T1486
asset_1371,0.9042692805633136,1,1,T1486
asset_1372,0.9042692805633136,1,1,T1486
asset_1373,0.9042692805633136,1,0,T1486
asset_1374,0.9042692805633136,1,0,T1486
asset_1375,0.9042692805633136,1,0,T1486
asset_1376,0.0033104508115205,0,0,T1486
asset_1377,0.9042692805633136,1,0,T1486
asset_1378,0.9042692805633136,1,1,T1486
asset_1379,0.9042692805633136,1,1,T1486
asset_1380,0.9042692805633136,1,0,T1486
asset_1381,0.0033104499673624,0,0,T1486
asset_1382,0.0033104508115307,0,0,T1486
asset_1383,0.9042692805633136,1,0,T1486
asset_1384,0.0033104508115205,0,0,T1486
asset_1385,0.0033104508114959,0,0,T1486
asset_1386,0.9042692805633136,1,1,T1486
asset_1387,0.0033104508115333,0,0,T1055
asset_1388,0.9042692805633136,1,0,T1486
asset_1389,0.9042692805633136,1,1,T1486
asset_1390,0.0033104508115333,0,0,T1486
asset_1391,0.0033104508115333,0,0,T1486
asset_1392,0.0033104508115316,0,0,T1486
asset_1393,0.0033104508115318,0,0,T1486
asset_1394,0.9042692805633136,1,0,T1486
asset_1395,0.0033104508115333,0,0,T1486
asset_1396,0.9042692805633136,1,1,T1486
asset_1397,0.9042692805633136,1,1,T1486
asset_1398,0.0033104508115333,0,0,T1486
asset_1399,0.9042692805633136,1,0,T1486
asset_1400,0.0033104508115309,0,0,T1486
asset_1401,0.0033104508115333,0,0,T1486
asset_1402,0.9042692805633136,1,0,T1486
asset_1403,0.0033104508115333,0,0,T1486
asset_1404,0.9042692805633136,1,1,T1486
asset_1405,0.0033104508115293,0,0,T1486
asset_1406,0.0033104508115309,0,0,T1486
asset_1407,0.9042692805633136,1,0,T1486
asset_1408,0.0033104508115333,0,0,T1486
asset_1409,0.0033104508115293,0,0,T1486
asset_1410,0.003345437170895,0,0,T1486
asset_1411,0.0033104508115333,0,0,T1486
asset_1412,0.9042692805633136,1,0,T1486
asset_1413,0.0033104508115333,0,0,T1486
asset_1414,0.9042692805633136,1,1,T1486
asset_1415,0.9042692805633136,1,0,T1486
asset_1416,0.9042692805633136,1,0,T1486
asset_1417,0.9042692805633136,1,1,T1486
asset_1418,0.0033104508115333,0,0,T1486
asset_1419,0.9042692805633136,1,0,T1486
asset_1420,0.0033104508115309,0,0,T1486
asset_1421,0.9042692805633136,1,0,T1486
asset_1422,0.0033104508115333,0,0,T1486
asset_1423,0.0033104508115333,0,0,T1486
asset_1424,0.9042692805633136,1,1,T1486
asset_1425,0.0033104508115869,0,0,T1486
asset_1426,0.0033104508115333,0,0,T1486
asset_1427,0.9042692805633136,1,0,T1486
asset_1428,0.9042692805633136,1,0,T1486
asset_1429,0.9042692805633136,1,1,T1486
asset_1430,0.0033104508115097,0,0,T1486
asset_1431,0.9042692805633136,1,0,T1486
asset_1432,0.9042692805633136,1,0,T1486
asset_1433,0.0033104508115333,0,0,T1486
asset_1434,0.9042692805633136,1,1,T1486
asset_1435,0.9042692805633136,1,1,T1486
asset_1436,0.9042692805633136,1,1,T1486
asset_1437,0.0033104477866214,0,0,T1486
asset_1438,0.0033104508115333,0,0,T1486
asset_1439,0.9042692805633136,1,1,T1486
asset_1440,0.0033104464221243,0,0,T1486
asset_1441,0.0033104508115293,0,0,T1486
asset_1442,0.0033104508115205,0,0,T1486
asset_1443,0.0033104508115097,0,0,T1486
asset_1444,0.0033104508115333,0,0,T1486
asset_1445,0.0033104508115333,0,0,T1486
asset_1446,0.0033104508115333,0,0,T1486
asset_1447,0.0033104508115309,0,0,T1486
asset_1448,0.0033104508114895,0,0,T1486
asset_1449,0.0033104508115333,0,0,T1055
asset_1450,0.0033104508114785,0,0,T1486
asset_1451,0.9042692805633136,1,0,T1486
asset_1452,0.9042692805633136,1,0,T1486
asset_1453,0.9042692805633136,1,1,T1486
asset_1454,0.9042692805633136,1,1,T1486
asset_1455,0.9042692805633136,1,1,T1486
asset_1456,0.0033104508115333,0,0,T1486
asset_1457,0.0033104508115333,0,0,T1486
asset_1458,0.9042692805633136,1,0,T1486
asset_1459,0.9042692805633136,1,0,T1486
asset_1460,0.9042692805633136,1,0,T1486
asset_1461,0.9042692805633136,1,0,T1486
asset_1462,0.0033104508115333,0,0,T1486
asset_1463,0.9042692805633136,1,0,T1486
asset_1464,0.9042692805633136,1,1,T1486
asset_1465,0.0033104508115333,0,0,T1055
asset_1466,0.0033104508115333,0,0,T1486
asset_1467,0.0033104508115205,0,0,T1486
asset_1468,0.0033104508115333,0,0,T1486
asset_1469,0.0033104508115333,0,0,T1486
asset_1470,0.9042692805633136,1,0,T1486
asset_1471,0.0033104508115333,0,0,T1486
asset_1472,0.0033104508115333,0,0,T1486
asset_1473,0.0033104508115333,0,0,T1486
asset_1474,0.0033104508115205,0,0,T1486
asset_1475,0.9042692805633136,1,1,T1486
asset_1476,0.9042692805633136,1,1,T1486
asset_1477,0.9042692805633136,1,0,T1486
asset_1478,0.0033104508115293,0,0,T1486
asset_1479,0.9042692805633136,1,1,T1486
asset_1480,0.0033104508115333,0,0,T1486
asset_1481,0.9042692805633136,1,0,T1486
asset_1482,0.0033104508115333,0,0,T1486
asset_1483,0.9042692805633136,1,0,T1486
asset_1484,0.9042692805633136,1,0,T1486
asset_1485,0.0033104508115333,0,0,T1486
asset_1486,0.9042692805633136,1,0,T1486
asset_1487,0.9042692805633136,1,0,T1486
asset_1488,0.0033104508114935,0,0,T1486
asset_1489,0.0033104499674198,0,0,T1486
asset_1490,0.9042692805633136,1,0,T1486
asset_1491,0.9042692805633136,1,1,T1486
asset_1492,0.9042692805633136,1,0,T1486
asset_1493,0.0033104508115333,0,0,T1486
asset_1494,0.9042692805633136,1,1,T1486
asset_1495,0.9042692805633136,1,0,T1486
asset_1496,0.0033104508114508,0,0,T1486
asset_1497,0.003310450811489,0,0,T1486
asset_1498,0.9042692805633136,1,1,T1486
asset_1499,0.9042692805633136,1,0,T1486
asset_1500,0.0033104508115021,0,0,T1486
asset_1501,0.9042692805633136,1,1,T1486
asset_1502,0.0033104508115333,0,0,T1486
asset_1503,0.9042692805633136,1,1,T1486
asset_1504,0.0033104508115333,0,0,T1486
asset_1505,0.9042692805633136,1,0,T1486
asset_1506,0.9042692805633136,1,0,T1486
asset_1507,0.9042692805633136,1,0,T1486
asset_1508,0.0033104508114787,0,0,T1486
asset_1509,0.0033104508115205,0,0,T1486
asset_1510,0.0033104508115333,0,0,T1486
asset_1511,0.9042692805633136,1,0,T1486
asset_1512,0.9042692805633136,1,1,T1486
asset_1513,0.9042692805633136,1,0,T1486
asset_1514,0.9042692805633136,1,0,T1486
asset_1515,0.9042692805633136,1,1,T1486
asset_1516,0.9042692805633136,1,0,T1486
asset_1517,0.0033104508115333,0,0,T1486
asset_1518,0.9042692805633136,1,1,T1486
asset_1519,0.0033104508115333,0,0,T1486
asset_1520,0.9042692805633136,1,0,T1486
asset_1521,0.9042692805633136,1,1,T1486
asset_1522,0.9042692805633136,1,0,T1486
asset_1523,0.0033104508115333,0,0,T1486
asset_1524,0.9042692805633136,1,1,T1486
asset_1525,0.9042692805633136,1,1,T1486
asset_1526,0.0033104508115284,0,0,T1486
asset_1527,0.9042692805633136,1,1,T1486
asset_1528,0.9042692805633136,1,1,T1486
asset_1529,0.0033104491359077,0,0,T1486
asset_1530,0.0033104508115333,0,0,T1486
asset_1531,0.9042692805633136,1,1,T1486
asset_1532,0.0033104508115869,0,0,T1486
asset_1533,0.0033104508115037,0,0,T1486
asset_1534,0.9042692805633136,1,0,T1486
asset_1535,0.0033104508114935,0,0,T1486
asset_1536,0.9042692805633136,1,0,T1486
asset_1537,0.9042692805633136,1,1,T1486
asset_1538,0.0033104508115225,0,0,T1486
asset_1539,0.9042692805633136,1,1,T1486
asset_1540,0.9042692805633136,1,1,T1486
asset_1541,0.9042692805633136,1,0,T1486
asset_1542,0.9042692805633136,1,0,T1486
asset_1543,0.9042692805633136,1,1,T1486
asset_1544,0.9042692805633136,1,0,T1486
asset_1545,0.0033104508115333,0,0,T1486
asset_1546,0.9042692805633136,1,1,T1486
asset_1547,0.9042692805633136,1,1,T1486
asset_1548,0.0033104508115284,0,0,T1486
asset_1549,0.0033104508115333,0,0,T1486
asset_1550,0.0033104508115333,0,0,T1486
asset_1551,0.0033104508115333,0,0,T1486
asset_1552,0.0033104508115225,0,0,T1486
asset_1553,0.0033104508115333,0,0,T1486
asset_1554,0.0033104508115868,0,0,T1486
asset_1555,0.9042692805633136,1,1,T1486
asset_1556,0.0033104508114616,0,0,T1486
asset_1557,0.0033104508115333,0,0,T1486
asset_1558,0.9042692805633136,1,0,T1486
asset_1559,0.9042692805633136,1,0,T1486
asset_1560,0.9042692805633136,1,0,T1486
asset_1561,0.9042692805633136,1,0,T1486
asset_1562,0.9042692805633136,1,1,T1486
asset_1563,0.0033104508115333,0,0,T1486
asset_1564,0.9042692805633136,1,0,T1486
asset_1565,0.0033104508115333,0,0,T1055
asset_1566,0.9042692805633136,1,0,T1486
asset_1567,0.9042692805633136,1,0,T1486
asset_1568,0.0033104508115333,0,0,T1486
asset_1569,0.9042692805633136,1,0,T1486
asset_1570,0.0033104508115333,0,0,T1055
asset_1571,0.9042692805633136,1,1,T1486
asset_1572,0.0033104508115333,0,0,T1486
asset_1573,0.9042692805633136,1,1,T1486
asset_1574,0.9042692805633136,1,1,T1486
asset_1575,0.9042692805633136,1,1,T1486
asset_1576,0.0033104508115333,0,0,T1486
asset_1577,0.0033104508115309,0,0,T1486
asset_1578,0.0033104508115333,0,0,T1486
asset_1579,0.0033104508115309,0,0,T1486
asset_1580,0.9042692805633136,1,0,T1486
asset_1581,0.9042692805633136,1,1,T1486
asset_1582,0.003310450811489,0,0,T1486
asset_1583,0.9042692805633136,1,0,T1486
asset_1584,0.9042692805633136,1,1,T1486
asset_1585,0.9042692805633136,1,1,T1486
asset_1586,0.9042692805633136,1,0,T1486
asset_1587,0.9042692805633136,1,1,T1486
asset_1588,0.0033104508115225,0,0,T1486
asset_1589,0.9042692805633136,1,0,T1486
asset_1590,0.9042692805633136,1,0,T1486
asset_1591,0.9042692805633136,1,1,T1486
asset_1592,0.9042692805633136,1,0,T1486
asset_1593,0.9042692805633136,1,0,T1486
asset_1594,0.0033104508115333,0,0,T1486
asset_1595,0.0033104508114933,0,0,T1486
asset_1596,0.0034876895568891,0,0,T1486
asset_1597,0.0033104500031795,0,0,T1486
asset_1598,0.9042692805633136,1,0,T1486
asset_1599,0.0033104508115333,0,0,T1486
asset_1600,0.9042692805633136,1,1,T1486
asset_1601,0.9042692805633136,1,1,T1486
asset_1602,0.0033104508115784,0,0,T1486
asset_1603,0.0033104508115333,0,0,T1486
asset_1604,0.9042692805633136,1,0,T1486
asset_1605,0.0033104508115843,0,0,T1486
asset_1606,0.9042692805633136,1,0,T1486
asset_1607,0.9042692805633136,1,0,T1486
asset_1608,0.003345489346825,0,0,T1486
asset_1609,0.0033104508115046,0,0,T1486
asset_1610,0.9042692805633136,1,1,T1486
asset_1611,0.9042692805633136,1,1,T1486
asset_1612,0.0033104508115333,0,0,T1486
asset_1613,0.0033104508115333,0,0,T1486
asset_1614,0.0033104508115309,0,0,T1486
asset_1615,0.9042692805633136,1,1,T1486
asset_1616,0.9042692805633136,1,1,T1486
asset_1617,0.9042692805633136,1,0,T1486
asset_1618,0.9042692805633136,1,0,T1486
asset_1619,0.9042692805633136,1,0,T1486
asset_1620,0.0033104508115205,0,0,T1486
asset_1621,0.9042692805633136,1,0,T1486
asset_1622,0.0033104508115333,0,0,T1486
asset_1623,0.0033104508115309,0,0,T1486
asset_1624,0.0033104508115318,0,0,T1486
asset_1625,0.9042692805633136,1,1,T1486
asset_1626,0.9042692805633136,1,0,T1486
asset_1627,0.9042692805633136,1,0,T1486
asset_1628,0.0033104508115868,0,0,T1486
asset_1629,0.9042692805633136,1,0,T1486
asset_1630,0.0033454389820513,0,0,T1486
asset_1631,0.9042692805633136,1,1,T1486
asset_1632,0.0033104508115333,0,0,T1486
asset_1633,0.0033104508115294,0,0,T1486
asset_1634,0.0033104508115333,0,0,T1486
asset_1635,0.9042692805633136,1,1,T1486
asset_1636,0.0033104508115869,0,0,T1486
asset_1637,0.9042692805633136,1,0,T1486
asset_1638,0.0033104508114552,0,0,T1486
asset_1639,0.0033104473248358,0,0,T1486
asset_1640,0.0033104508115333,0,0,T1486
asset_1641,0.9042692805633136,1,0,T1486
asset_1642,0.0033104508115333,0,0,T1486
asset_1643,0.0033104508115318,0,0,T1486
asset_1644,0.9042692805633136,1,0,T1486
asset_1645,0.0033104508115333,0,0,T1486
asset_1646,0.9042692805633136,1,0,T1486
asset_1647,0.9042692805633136,1,0,T1486
asset_1648,0.0033104508115333,0,0,T1486
asset_1649,0.0033104508115294,0,0,T1486
asset_1650,0.0033104508115333,0,0,T1486
asset_1651,0.0033104508114933,0,0,T1486
asset_1652,0.0033104508115333,0,0,T1486
asset_1653,0.9042692805633136,1,0,T1486
asset_1654,0.9042692805633136,1,1,T1486
asset_1655,0.0033104508115333,0,0,T1486
asset_1656,0.0033104508115333,0,0,T1486
asset_1657,0.9042692805633136,1,0,T1486
asset_1658,0.9042692805633136,1,1,T1486
asset_1659,0.9042692805633136,1,0,T1486
asset_1660,0.9042692805633136,1,1,T1486
asset_1661,0.0033104508115293,0,0,T1486
asset_1662,0.0033104508115333,0,0,T1486
asset_1663,0.9042692805633136,1,1,T1486
asset_1664,0.9042692805633136,1,0,T1486
asset_1665,0.0033104508115333,0,0,T1486
asset_1666,0.0033104508115333,0,0,T1486
asset_1667,0.0033104508115333,0,0,T1486
asset_1668,0.0033104508115333,0,0,T1486
asset_1669,0.9042692805633136,1,0,T1486
asset_1670,0.9042692805633136,1,0,T1486
asset_1671,0.0033104508115186,0,0,T1486
asset_1672,0.0033104508115333,0,0,T1486
asset_1673,0.0033104508114616,0,0,T1486
asset_1674,0.0033104508115333,0,0,T1486
asset_1675,0.9042692805633136,1,0,T1486
asset_1676,0.003310450811489,0,0,T1486
asset_1677,0.0033104508115869,0,0,T1486
asset_1678,0.9042692805633136,1,1,T1486
asset_1679,0.0033104508115097,0,0,T1486
asset_1680,0.9042692805633136,1,1,T1486
asset_1681,0.0033104468656574,0,0,T1486
asset_1682,0.9042692805633136,1,1,T1486
asset_1683,0.0033104508115097,0,0,T1486
asset_1684,0.0033104508115333,0,0,T1486
asset_1685,0.9042692805633136,1,1,T1486
asset_1686,0.9042692805633136,1,1,T1486
asset_1687,0.0033104508115061,0,0,T1486
asset_1688,0.0033104508115333,0,0,T1486
asset_1689,0.9042692805633136,1,0,T1486
asset_1690,0.0033104508114508,0,0,T1486
asset_1691,0.9042692805633136,1,0,T1486
asset_1692,0.9042692805633136,1,0,T1486
asset_1693,0.0033104508115333,0,0,T1486
asset_1694,0.0033104508115333,0,0,T1486
asset_1695,0.9042692805633136,1,0,T1486
asset_1696,0.9042692805633136,1,1,T1486
asset_1697,0.9042692805633136,1,1,T1486
asset_1698,0.9042692805633136,1,0,T1486
asset_1699,0.0033104508115868,0,0,T1486
asset_1700,0.9042692805633136,1,0,T1486
asset_1701,0.0033104508115333,0,0,T1486
asset_1702,0.9042692805633136,1,1,T1486
asset_1703,0.0033104508115333,0,0,T1486
asset_1704,0.9042692805633136,1,0,T1486
asset_1705,0.0033104508115196,0,0,T1486
asset_1706,0.9042692805633136,1,0,T1486
asset_1707,0.9042692805633136,1,1,T1486
asset_1708,0.9042692805633136,1,1,T1486
asset_1709,0.0033104508115205,0,0,T1486
asset_1710,0.0033104508114618,0,0,T1486
asset_1711,0.9042692805633136,1,0,T1486
asset_1712,0.0033104508115333,0,0,T1486
asset_1713,0.9042692805633136,1,1,T1486
asset_1714,0.0033104508114618,0,0,T1486
asset_1715,0.9042692805633136,1,1,T1486
asset_1716,0.9042692805633136,1,0,T1486
asset_1717,0.003310450811489,0,0,T1486
asset_1718,0.9042692805633136,1,0,T1486
asset_1719,0.0033104508115333,0,0,T1486
asset_1720,0.0033104508115333,0,0,T1486
asset_1721,0.0033104508115309,0,0,T1486
asset_1722,0.9042692805633136,1,1,T1486
asset_1723,0.0033104508115333,0,0,T1486
asset_1724,0.9042692805633136,1,0,T1486
asset_1725,0.9042692805633136,1,1,T1486
asset_1726,0.0033104508115333,0,0,T1486
asset_1727,0.0033104508115333,0,0,T1486
asset_1728,0.9042692805633136,1,1,T1486
asset_1729,0.9042692805633136,1,1,T1486
asset_1730,0.0033104508115012,0,0,T1486
asset_1731,0.9042692805633136,1,1,T1486
asset_1732,0.0033104508114935,0,0,T1486
asset_1733,0.0033104508114933,0,0,T1486
asset_1734,0.0033104508114616,0,0,T1486
asset_1735,0.9042692805633136,1,0,T1486
asset_1736,0.9042692805633136,1,1,T1486
asset_1737,0.9042692805633136,1,1,T1486
asset_1738,0.0033104481083634,0,0,T1055
asset_1739,0.9042692805633136,1,0,T1486
asset_1740,0.9042692805633136,1,1,T1486
asset_1741,0.0033104508115333,0,0,T1486
asset_1742,0.0033104508115333,0,0,T1486
asset_1743,0.003310450811489,0,0,T1486
asset_1744,0.0033104508115309,0,0,T1486
asset_1745,0.0033104508115333,0,0,T1486
asset_1746,0.9042692805633136,1,0,T1486
asset_1747,0.0033104508115333,0,0,T1055
asset_1748,0.9042692805633136,1,1,T1486
asset_1749,0.0033104508115333,0,0,T1486
asset_1750,0.9042692805633136,1,0,T1486
asset_1751,0.0033104508114889,0,0,T1486
asset_1752,0.0033104508115868,0,0,T1486
asset_1753,0.9042692805633136,1,1,T1486
asset_1754,0.0033104508115225,0,0,T1486
asset_1755,0.9042692805633136,1,0,T1486
asset_1756,0.0033104508114508,0,0,T1486
asset_1757,0.9042692805633136,1,1,T1486
asset_1758,0.0033104508115333,0,0,T1486
asset_1759,0.9042692805633136,1,0,T1486
asset_1760,0.0033104508115333,0,0,T1486
asset_1761,0.0033104508115869,0,0,T1486
asset_1762,0.9042692805633136,1,0,T1486
asset_1763,0.9042692805633136,1,0,T1486
asset_1764,0.0033104508114618,0,0,T1486
asset_1765,0.0033104508114552,0,0,T1486
asset_1766,0.9042692805633136,1,1,T1486
asset_1767,0.0033104508115333,0,0,T1486
asset_1768,0.0033104508115333,0,0,T1486
asset_1769,0.9042692805633136,1,1,T1486
asset_1770,0.0033104508115333,0,0,T1486
asset_1771,0.9042692805633136,1,1,T1486
asset_1772,0.0033104508115333,0,0,T1486
asset_1773,0.9042692805633136,1,0,T1486
asset_1774,0.9042692805633136,1,0,T1486
asset_1775,0.0033104508115333,0,0,T1486
asset_1776,0.0033104508115333,0,0,T1486
asset_1777,0.0033104508115099,0,0,T1486
asset_1778,0.9042692805633136,1,0,T1486
asset_1779,0.9042692805633136,1,0,T1486
asset_1780,0.0033104508115333,0,0,T1486
asset_1781,0.9042692805633136,1,1,T1486
asset_1782,0.0033104508115294,0,0,T1486
asset_1783,0.0033104464221243,0,0,T1486
asset_1784,0.0033104508115293,0,0,T1486
asset_1785,0.9042692805633136,1,1,T1486
asset_1786,0.9042692805633136,1,1,T1486
asset_1787,0.0033104508115333,0,0,T1486
asset_1788,0.0033104508115333,0,0,T1486
asset_1789,0.9042692805633136,1,1,T1486
asset_1790,0.9042692805633136,1,1,T1486
asset_1791,0.0033454389816956,0,0,T1486
asset_1792,0.9042692805633136,1,0,T1486
asset_1793,0.0033104508115333,0,0,T1486
asset_1794,0.9042692805633136,1,1,T1486
asset_1795,0.0033104508115225,0,0,T1486
asset_1796,0.9042692805633136,1,0,T1486
asset_1797,0.9042692805633136,1,1,T1486
asset_1798,0.0033104508115333,0,0,T1486
asset_1799,0.0033104508114893,0,0,T1486
asset_1800,0.0033104508115333,0,0,T1486
asset_1801,0.0033104508115869,0,0,T1486
asset_1802,0.9042692805633136,1,1,T1486
asset_1803,0.0033104508115061,0,0,T1486
asset_1804,0.9042692805633136,1,0,T1486
asset_1805,0.9042692805633136,1,0,T1486
asset_1806,0.0033104508115333,0,0,T1486
asset_1807,0.0033104508115293,0,0,T1486
asset_1808,0.0033104508115333,0,0,T1486
asset_1809,0.0033104508115248,0,0,T1486
asset_1810,0.9042692805633136,1,1,T1486
asset_1811,0.0033104508115868,0,0,T1486
asset_1812,0.0033104508115333,0,0,T1486
asset_1813,0.9042692805633136,1,0,T1486
asset_1814,0.0033104508115333,0,0,T1055
asset_1815,0.9042692805633136,1,0,T1486
asset_1816,0.0033104508115333,0,0,T1486
asset_1817,0.0033104508115333,0,0,T1486
asset_1818,0.0033104508115333,0,0,T1486
asset_1819,0.0033104508115018,0,0,T1486
asset_1820,0.0033104508115294,0,0,T1486
asset_1821,0.9042692805633136,1,1,T1486
asset_1822,0.0033104508115869,0,0,T1486
asset_1823,0.0033104508115333,0,0,T1486
asset_1824,0.9042692805633136,1,0,T1486
asset_1825,0.9042692805633136,1,0,T1486
asset_1826,0.0033104508115333,0,0,T1486
asset_1827,0.0033104508115333,0,0,T1486
asset_1828,0.0033104508115309,0,0,T1486
asset_1829,0.9042692805633136,1,1,T1486
asset_1830,0.9042692805633136,1,1,T1486
asset_1831,0.0033104508115333,0,0,T1486
asset_1832,0.003310450811489,0,0,T1486
asset_1833,0.9042692805633136,1,0,T1486
asset_1834,0.0033104508129547,0,0,T1486
asset_1835,0.0033104508115333,0,0,T1486
asset_1836,0.9042692805633136,1,0,T1486
asset_1837,0.9042692805633136,1,1,T1486
asset_1838,0.0033104508115333,0,0,T1486
asset_1839,0.0033104508115333,0,0,T1486
asset_1840,0.0033104508114856,0,0,T1486
asset_1841,0.9042692805633136,1,0,T1486
asset_1842,0.9042692805633136,1,0,T1486
asset_1843,0.9042692805633136,1,1,T1486
asset_1844,0.0033104508115333,0,0,T1486
asset_1845,0.9042692805633136,1,0,T1486
asset_1846,0.0033104508114616,0,0,T1486
asset_1847,0.9042692805633136,1,1,T1486
asset_1848,0.9042692805633136,1,0,T1486
asset_1849,0.0033104508115333,0,0,T1486
asset_1850,0.0033104508115186,0,0,T1486
asset_1851,0.0033104508115333,0,0,T1486
asset_1852,0.0033104508115333,0,0,T1486
asset_1853,0.0033104508122665,0,0,T1486
asset_1854,0.9042692805633136,1,1,T1486
asset_1855,0.9042692805633136,1,0,T1486
asset_1856,0.9042692805633136,1,1,T1486
asset_1857,0.9042692805633136,1,0,T1486
asset_1858,0.0033104508115333,0,0,T1486
asset_1859,0.0033104508115097,0,0,T1486
asset_1860,0.9042692805633136,1,1,T1486
asset_1861,0.0033104508115309,0,0,T1486
asset_1862,0.0033104508115333,0,0,T1486
asset_1863,0.9042692805633136,1,0,T1486
asset_1864,0.0033104508115333,0,0,T1486
asset_1865,0.0033104508114785,0,0,T1486
asset_1866,0.9042692805633136,1,0,T1486
asset_1867,0.0033104508115333,0,0,T1486
asset_1868,0.9042692805633136,1,0,T1486
asset_1869,0.9042692805633136,1,0,T1486
asset_1870,0.9042692805633136,1,0,T1486
asset_1871,0.9042692805633136,1,0,T1486
asset_1872,0.0033104508115333,0,0,T1486
asset_1873,0.9042692805633136,1,0,T1486
asset_1874,0.9042692805633136,1,1,T1486
asset_1875,0.9042692805633136,1,1,T1486
asset_1876,0.9042692805633136,1,0,T1486
asset_1877,0.9042692805633136,1,1,T1486
asset_1878,0.9042692805633136,1,1,T1486
asset_1879,0.9042692805633136,1,0,T1486
asset_1880,0.003310450812075,0,0,T1486
asset_1881,0.0033104508115186,0,0,T1486
asset_1882,0.9042692805633136,1,0,T1486
asset_1883,0.003310448584853,0,0,T1486
asset_1884,0.0033104508115205,0,0,T1486
asset_1885,0.0033104508115333,0,0,T1486
asset_1886,0.0033104508115333,0,0,T1486
asset_1887,0.9042692805633136,1,0,T1486
asset_1888,0.0033104508115309,0,0,T1486
asset_1889,0.0033104508115294,0,0,T1486
asset_1890,0.0033104508115333,0,0,T1486
asset_1891,0.9042692805633136,1,0,T1486
asset_1892,0.0033104508115309,0,0,T1486
asset_1893,0.9042692805633136,1,0,T1486
asset_1894,0.9042692805633136,1,0,T1486
asset_1895,0.9042692805633136,1,0,T1486
asset_1896,0.9042692805633136,1,1,T1486
asset_1897,0.9042692805633136,1,0,T1486
asset_1898,0.9042692805633136,1,1,T1486
asset_1899,0.0033104508115038,0,0,T1486
asset_1900,0.9042692805633136,1,0,T1486
asset_1901,0.9042692805633136,1,1,T1486
asset_1902,0.0033104508115309,0,0,T1486
asset_1903,0.0033104508115333,0,0,T1486
asset_1904,0.9042692805633136,1,1,T1486
asset_1905,0.0033104508115333,0,0,T1486
asset_1906,0.9042692805633136,1,0,T1486
asset_1907,0.0033104508115333,0,0,T1486
asset_1908,0.9042692805633136,1,1,T1486
asset_1909,0.0033104508115333,0,0,T1486
asset_1910,0.9042692805633136,1,1,T1486
asset_1911,0.0033104508115333,0,0,T1486
asset_1912,0.0033104508115333,0,0,T1486
asset_1913,0.9042692805633136,1,0,T1486
asset_1914,0.0033104508114508,0,0,T1486
asset_1915,0.9042692805633136,1,0,T1486
asset_1916,0.0033104508115293,0,0,T1486
asset_1917,0.003310450811576,0,0,T1486
asset_1918,0.0033104508115333,0,0,T1486
asset_1919,0.0033104508115333,0,0,T1486
asset_1920,0.9042692805633136,1,0,T1486
asset_1921,0.0033104508115309,0,0,T1486
asset_1922,0.9042692805633136,1,1,T1486
asset_1923,0.0033104508114785,0,0,T1486
asset_1924,0.9042692805633136,1,1,T1486
asset_1925,0.9042692805633136,1,0,T1486
asset_1926,0.9042692805633136,1,1,T1486
asset_1927,0.0033104508115333,0,0,T1486
asset_1928,0.0033104508115333,0,0,T1486
asset_1929,0.9042692805633136,1,0,T1486
asset_1930,0.9042692805633136,1,1,T1486
asset_1931,0.0033104508116792,0,0,T1486
asset_1932,0.0033104508115333,0,0,T1486
asset_1933,0.0033104508115333,0,0,T1486
asset_1934,0.9042692805633136,1,0,T1486
asset_1935,0.0033104508115333,0,0,T1486
asset_1936,0.9042692805633136,1,1,T1486
asset_1937,0.0033104508115333,0,0,T1486
asset_1938,0.0033104508115309,0,0,T1486
asset_1939,0.9042692805633136,1,0,T1486
asset_1940,0.0033104508115225,0,0,T1486
asset_1941,0.9042692805633136,1,1,T1486
asset_1942,0.0034876895567274,0,0,T1486
asset_1943,0.0033104508115205,0,0,T1486
asset_1944,0.9042692805633136,1,1,T1486
asset_1945,0.0033104508115186,0,0,T1486
asset_1946,0.0033104508115333,0,0,T1486
asset_1947,0.0033104508115333,0,0,T1486
asset_1948,0.0033104508114785,0,0,T1486
asset_1949,0.0033104508115309,0,0,T1486
asset_1950,0.9042692805633136,1,0,T1486
asset_1951,0.0033104508115309,0,0,T1486
asset_1952,0.0033104508115333,0,0,T1486
asset_1953,0.0033104508115205,0,0,T1486
asset_1954,0.0033104508115333,0,0,T1055
asset_1955,0.0033104508115333,0,0,T1486
asset_1956,0.9042692805633136,1,1,T1486
asset_1957,0.0033104508115333,0,0,T1486
asset_1958,0.0033104508115205,0,0,T1486
asset_1959,0.9042692805633136,1,1,T1486
asset_1960,0.9042692805633136,1,0,T1486
asset_1961,0.0033104508115333,0,0,T1486
asset_1962,0.0033104508115333,0,0,T1486
asset_1963,0.9042692805633136,1,0,T1486
asset_1964,0.0033104508115333,0,0,T1486
asset_1965,0.0033104508114616,0,0,T1486
asset_1966,0.0033104508115333,0,0,T1486
asset_1967,0.0033104508114618,0,0,T1486
asset_1968,0.0033104508115333,0,0,T1486
asset_1969,0.9042692805633136,1,1,T1486
asset_1970,0.0033804806987569,0,0,T1486
asset_1971,0.0033104508115287,0,0,T1486
asset_1972,0.9042692805633136,1,0,T1486
asset_1973,0.0033104508115099,0,0,T1486
asset_1974,0.9042692805633136,1,0,T1486
asset_1975,0.9042692805633136,1,1,T1486
asset_1976,0.9042692805633136,1,1,T1486
asset_1977,0.9042692805633136,1,0,T1486
asset_1978,0.0033104508115333,0,0,T1486
asset_1979,0.0033104508115333,0,0,T1486
asset_1980,0.0033104508115333,0,0,T1486
asset_1981,0.0033104508115333,0,0,T1486
asset_1982,0.9042692805633136,1,1,T1486
asset_1983,0.9042692805633136,1,1,T1486
asset_1984,0.9042692805633136,1,1,T1486
asset_1985,0.9042692805633136,1,1,T1486
asset_1986,0.0033104508115333,0,0,T1486
asset_1987,0.9042692805633136,1,0,T1486
asset_1988,0.9042692805633136,1,0,T1486
asset_1989,0.9042692805633136,1,1,T1486
asset_1990,0.9042692805633136,1,0,T1486
asset_1991,0.0033104508115333,0,0,T1486
asset_1992,0.0033104508115201,0,0,T1486
asset_1993,0.003310450811466,0,0,T1055
asset_1994,0.0033104508115333,0,0,T1486
asset_1995,0.0033104508115333,0,0,T1486
asset_1996,0.0033104508115333,0,0,T1486
asset_1997,0.0033104508115333,0,0,T1486
asset_1998,0.0033804668626575,0,0,T1486
asset_1999,0.9042692805633136,1,0,T1486
