family,attack_id
berbew,T1055
wacatac,T1055
xmrig,T1496
expiro,T1055
upatre,T1055
flystudio,T1055
sfone,T1055
scarletflash,T1055
bedep,T1055
trollav,T1055
cosmu,T1055
eggnog,T1055
disin,T1055
sinowal,T1055
gepys,T1055
redline,T1055
aenjaris,T1055
wabot,T1055
shipshape,T1055
doina,T1055
qqrob,T1055
urelas,T1055
grandoreiro,T1055
emdup,T1055
cobaltstrike,T1055
blackmoon,T1055
shelm,T1055
crifi,T1055
dinwod,T1055
convagent,T1055
metasploit,T1055
sality,T1055
banload,T1055
vobfus,T1055
injurer,T1055
picsys,T1055
lockergoga,T1486
zeus,T1055
barys,T1055
alien,T1055
virut,T1055
soltern,T1055
disco,T1055
tempedreve,T1055
nuitka,T1055
phonzy,T1055
glupteba,T1055
khalesi,T1055
cerbu,T1055
smokeloader,T1055
pkeylog,T1055
black,T1055
shodi,T1055
blackv,T1055
satana,T1055
swisyn,T1055
wronginf,T1055
ctsinf,T1055
ulise,T1055
luna,T1055
goshell,T1055
beebone,T1055
juched,T1055
blankgrabber,T1055
conficker,T1055
stubo,T1055
crypmodng,T1486
puwaders,T1055
hematite,T1055
nitol,T1055
engimastealer,T1055
lockbit,T1486
vindor,T1055
poker,T1055
cardspy,T1055
birddog,T1055
gator,T1055
reflo,T1055
unruy,T1055
mikey,T1055
mabezat,T1055
dorv,T1055
fesber,T1055
ekstak,T1055
ramnit,T1055
pyspy,T1055
azovwiper,T1486
realprotect,T1055
dridex,T1055
niktol,T1055
injuke,T1055
floxif,T1055
lunastorm,T1055
goblin,T1055
amadey,T1055
neshta,T1055
mysticstealer,T1055
chinky,T1055
rugmi,T1055
mufila,T1055
stormattack,T1055
noobyprotect,T1055
babar,T1055
fragtor,T1055
caypnamer,T1055
pcclient,T1055
allaple,T1055
almi,T1055
kolovorot,T1055
creprote,T1055
donut,T1055
titanstealer,T1055
zegost,T1055
legmir,T1055
fusioncore,T1055
lotok,T1055
discordbot,T1055
andromeda,T1055
premine,T1055
simbot,T1055
stop,T1055
midie,T1055
caynamer,T1055
almanahe,T1055
njrat,T1055
fasong,T1055
tpyc,T1055
cstealer,T1055
goft,T1055
virlock,T1486
pemalform,T1055
cuegoe,T1055
ad2345,T1055
opensupdater,T1055
heracles,T1055
havoc,T1055
sliver,T1055
mofksys,T1055
blihan,T1055
clipbanker,T1055
kerneldrutil,T1055
reverse64,T1055
agenttesla,T1055
jadtre,T1055
r77rootkit,T1055
diztakun,T1055
polypatch,T1055
reconyc,T1055
onlinegames,T1055
vilsel,T1055
mimikatz,T1055
rubinurd,T1055
dorifel,T1055
remsim,T1055
ipamor,T1055
emotet,T1055
prepscram,T1055
ibashade,T1055
shlem,T1055
gandcrab,T1486
gigex,T1055
tofsee,T1055
hupigon,T1055
strab,T1055
bodegun,T1055
murofet,T1055
quantloader,T1055
plugx,T1055
msposer,T1055
flyagent,T1055
simda,T1055
lolbot,T1055
shyape,T1055
procpatcher,T1055
bingoml,T1055
znyonm,T1055
lummastealer,T1055
bsymem,T1055
lightmoon,T1055
diple,T1055
dorshel,T1055
growtopia,T1055
palevo,T1055
ogneglazka,T1055
penguish,T1055
marte,T1055
kmsauto,T1055
freeze,T1055
sisron,T1055
yahos,T1055
gamup,T1055
cryptowall,T1486
bumblebee,T1055
rifdoor,T1055
salgorea,T1055
guildma,T1055
balrok,T1055
brontok,T1055
dlass,T1055
antavmu,T1055
windigo,T1055
bccrypt,T1486
remcos,T1055
airadinstaller,T1055
lazagne,T1055
bifrose,T1055
fujacks,T1055
pytr,T1055
cinmus,T1055
playanext,T1055
fabookie,T1055
necurs,T1055
pcacceleratepro,T1055
xegumumune,T1055
poisonivy,T1055
parite,T1055
presenoker,T1055
trickbot,T1055
doenerium,T1055
fugrafa,T1055
pcappstore,T1055
maener,T1055
kuaizip,T1055
cryrar,T1055
mydoom,T1055
mbrlock,T1055
strictor,T1055
quasar,T1055
crysan,T1055
daserf,T1055
pondfull,T1055
sohanad,T1055
acapulco,T1055
fastreverseproxy,T1055
seraph,T1055
kdmapper,T1055
alyak,T1055
mewsspy,T1055
phoenix,T1055
adduser,T1055
leadlabs,T1055
chisel,T1055
miscx,T1055
nevereg,T1055
cridex,T1055
magania,T1055
rustdesk,T1055
qqten,T1055
wipass,T1055
ronkor,T1055
morgancatering,T1055
areses,T1055
adject,T1055
blackhole,T1055
buzus,T1055
neoreklami,T1055
killall,T1055
fearso,T1055
lodarat,T1055
eris,T1055
pistolar,T1055
spyvoltar,T1055
agobot,T1055
drmsoft,T1055
cymulate,T1055
hwidchanger,T1055
disguisedxmrigminer,T1496
shifu,T1055
pcspeedcat,T1055
coroxy,T1055
gamini,T1055
whisperer,T1055
kudj,T1055
worgtop,T1055
makoob,T1055
privateloader,T1055
xworm,T1055
uztub,T1055
stelega,T1055
lunalogger,T1055
cosmicduke,T1055
meshagent,T1055
imestartup,T1055
recyl,T1055
alkhaser,T1055
meduza,T1055
pluto,T1055
ydark,T1055
conduit,T1055
disdroth,T1055
greedy,T1055
modiloader,T1055
connectwise,T1055
hitbrovi,T1055
snackarcin,T1055
sillyfdc,T1055
orbus,T1055
barrio,T1055
virtumonde,T1055
triusor,T1055
sfuzuan,T1055
silentcryptominer,T1496
autorunner,T1055
gofot,T1055
sonbokli,T1055
batavprockill,T1055
hosts,T1055
recoverkeys,T1055
baidusearch,T1055
skillis,T1055
multiplier,T1055
darkcomet,T1055
multikey,T1055
wannacry,T1486
lebreat,T1055
evdh,T1055
qihoo360,T1055
burden,T1055
uztuby,T1055
psexec,T1055
meredrop,T1055
cryptonote,T1496
vanbot,T1055
fakerean,T1055
adaebook,T1055
cayunamer,T1055
cryakl,T1486
qbot,T1055
systemrequirementslab,T1055
debris,T1055
stihat,T1055
asyncrat,T1055
darkgate,T1055
kegotip,T1055
iceid,T1055
azorult,T1055
browsefox,T1055
bancos,T1055
powersploit,T1055
zitirezc,T1055
ludbaruma,T1055
urbanvpn,T1055
installmonster,T1055
gamsoft,T1055
pythonpacked,T1055
nukesped,T1055
reposfxg,T1055
andariel,T1055
goback,T1055
tpykaka,T1055
mingloa,T1055
turkojan,T1055
musecador,T1055
tidebypass,T1055
bropass,T1055
multiplug,T1055
softcnapp,T1055
peed,T1055
malheur,T1055
yapo,T1055
fakecert,T1055
trojannukesped,T1055
shutdown,T1055
icloader,T1055
chir,T1055
innobundle,T1055
taranis,T1055
telebot,T1055
vbclone,T1055
ragnarlocker,T1486
jatif,T1055
silentinstallbuilder,T1055
disfa,T1055
snojan,T1055
dealply,T1055
memery,T1055
whiteice,T1055
pykspa,T1055
rustypita,T1055
killwin,T1055
vittalia,T1055
klone,T1055
bobik,T1055
fakems,T1055
xtreme,T1055
redosdru,T1055
ruberoid,T1055
wecod,T1055
ghostrat,T1055
vools,T1055
guloader,T1055
kimsuky,T1055
dizemp,T1055
vidar,T1055
ibryte,T1055
icedid,T1055
ursnif,T1055
kanav,T1055
zadved,T1055
rekvex,T1055
banbra,T1055
fakefire,T1055
linkury,T1055
geegly,T1055
downloadsponsor,T1055
dotransom,T1486
filesponger,T1055
valcaryx,T1055
digitalpulse,T1055
buterat,T1055
beijing,T1055
dbadur,T1055
conteban,T1055
sdbot,T1055
shutdowner,T1055
hckpk,T1055
ldpinch,T1055
taskbarsystem,T1055
spyeye,T1055
mekotio,T1055
wews87,T1055
bruteratel,T1055
vkontaktedj,T1055
xanfpezes,T1055
nimda,T1055
osmonitor,T1055
blackmon,T1055
netloader,T1055
cordimik,T1055
democry,T1055
smalltrojan,T1055
fauppod,T1055
datastealer,T1055
temcac,T1055
hidinstsfx,T1055
softpulse,T1055
fakechrome,T1055
execit,T1055
opener,T1055
webcompanion,T1055
scrambler,T1055
urlblazer,T1055
superthreat,T1055
snoload,T1055
pasta,T1055
fosniw,T1055
pigeon,T1055
hworld,T1055
installcore,T1055
corewarrior,T1055
conime,T1055
injepe,T1055
dinvoke,T1055
ousaban,T1055
golroted,T1055
badiis,T1055
adpack,T1055
snakekeylogger,T1055
cryptic,T1055
garystealer,T1055
ddosia,T1055
vague,T1055
dorgam,T1055
drolnux,T1055
losicoa,T1055
staser,T1055
blackenergy,T1055
taskun,T1055
reversessh,T1055
backdoorcobaltstr,T1055
gotiness,T1055
banito,T1055
ducktail,T1055
hipak,T1055
tonmye,T1055
umbald,T1055
baidu,T1055
metla,T1055
ibank,T1055
beaugrit,T1055
srbminer,T1496
sysdupate,T1055
visionn,T1055
mepe,T1055
azvo,T1055
mailru,T1055
fignya,T1055
mone,T1055
pyob,T1055
feccea6a,T1055
faker,T1055
keydoor,T1055
nilage,T1055
ciadoor,T1055
sivis,T1055
eyoorun,T1055
gamecheat,T1055
imps,T1055
detplock,T1055
pophot,T1055
roxer,T1055
amsibypass,T1055
bundled,T1055
purplefox,T1055
vimditator,T1055
pony,T1055
raccoonstealer,T1055
athenago,T1055
zlob,T1055
ammyy,T1055
bancteian,T1055
liondoor,T1055
witch,T1055
zapchast,T1055
dndownloader,T1055
zard,T1055
zeroaccess,T1055
autinject,T1055
xorer,T1055
winvnc,T1055
montp,T1055
ridnu,T1055
neojit,T1055
lilith,T1055
advertload,T1055
khaosz,T1055
storup,T1055
kasidet,T1055
conti,T1486
strelastealer,T1055
mybot,T1055
chachi,T1055
pwsime,T1055
texel,T1055
netfilter,T1055
fileless,T1055
tdss,T1055
comame,T1055
schoolgirl,T1055
cryptagent,T1055
mufanom,T1055
kate,T1055
kuaiba,T1055
ultravnc,T1055
povertel,T1055
ndaof,T1055
extgen,T1055
microfake,T1055
testsample,T1055
quarkspwdump,T1055
aukrat,T1055
powedon,T1055
polycrypt,T1486
nanocore,T1055
adddrop,T1055
purora,T1055
wsgame,T1055
medialabs,T1055
magictools,T1055
msetupdownloader,T1055
dcom,T1055
edrsandblast,T1055
malvimprdrv,T1055
crampes,T1055
btcon,T1496
aconti,T1486
processhacker,T1055
dapato,T1055
systroj,T1055
nemesis,T1055
tasos,T1055
funshion,T1055
netmail,T1055
frethoq,T1055
tinba,T1055
gootkit,T1055
corebot,T1055
bitmin,T1496
surubat,T1055
downloaderhelper,T1055
pentera,T1055
opencandy,T1055
lameupdater,T1055
wizard,T1055
atros7,T1055
kelios,T1055
dynara,T1055
nimplant,T1055
kipodtoolscby,T1055
variadic,T1055
crypren,T1486
yahlover,T1055
cheathappens,T1055
batz,T1055
yandex,T1055
prorat,T1055
sksocket,T1055
revetrat,T1055
blacksuit,T1486
hmblocker,T1055
comisproc,T1055
mimail,T1055
magniber,T1486
cyns,T1055
bearfoos,T1055
xyligan,T1055
exceldna,T1055
renos,T1055
malex,T1055
prosti,T1055
qlowzones,T1055
consoler,T1055
formata,T1055
hacdef,T1055
swjoy,T1055
softonic,T1055
paradise,T1055
ulises,T1055
toolkitoffers,T1055
impacket,T1055
sfile,T1055
rimod,T1055
sdbvg,T1055
veriato,T1055
sufrar,T1055
dnoper,T1055
asparnet,T1055
stosek,T1055
tufik,T1055
donglehack,T1055
graviwa,T1055
wavipeg,T1055
wajam,T1055
titirez,T1055
minimal,T1055
mamson,T1055
dotsetup,T1055
exforel,T1055
hashbreaker,T1055
pecancer,T1055
chinad,T1055
gendwnurl,T1055
bluescreen,T1055
frank,T1055
spyrix,T1055
pincav,T1055
yongyufeed,T1055
eshoper,T1055
mediaarena,T1055
exescript,T1055
bitser,T1055
shopperz,T1055
miscspy,T1055
protux,T1055
baru,T1055
pincher,T1055
hupigon3,T1055
gottle,T1055
webmoner,T1496
pinchloader,T1055
danglo,T1055
baidence,T1055
istbar,T1055
dadobra,T1055
zitirez,T1055
svcminer,T1496
derdero,T1055
povstealer,T1055
mepaow,T1055
killwifip,T1055
xiazai,T1055
archsms,T1055
gotango,T1055
winage,T1055
chistudi,T1055
braces,T1055
segurazo,T1055
windowsd,T1055
perfect,T1055
rhysida,T1486
splinter,T1055
rusparail,T1055
pornoblocker,T1055
reincarnation,T1055
bandra,T1055
mountlocker,T1486
ijypy,T1055
filetour,T1055
helloxd,T1055
orboddos,T1055
piratestealer,T1055
zeuspanda,T1055
vigorf,T1055
loderka,T1055
stowaway,T1055
softad,T1055
installrex,T1055
dcsyncer,T1055
cryptran,T1486
hackkms,T1055
cadro,T1055
cryfile,T1486
tapazom,T1055
gamehuck,T1055
onestep,T1055
prestige,T1486
cryptedloader,T1055
cobra,T1055
gafgyt,T1055
relevantknowledge,T1055
shhhload,T1055
monder,T1055
juicypotato,T1055
matadoor,T1055
7zip,T1055
jobutyve,T1055
cookiestealer,T1055
blister,T1055
netsnake,T1055
discostealer,T1055
forkbomb,T1055
speedingupmypc,T1055
bdsearch,T1055
seheq,T1055
lsassdump,T1055
glider,T1055
gendal,T1055
petitpotam,T1055
ransomsnatch,T1486
popuper,T1055
dycler,T1055
leonem,T1055
genkryptikagen,T1486
pypykatz,T1055
diacam,T1055
capcom,T1055
crealstealer,T1055
darkcrystal,T1055
cleanlog,T1055
silby,T1055
jeefo,T1055
lydra,T1055
killdisk,T1055
industroyer,T1055
ludashi,T1055
boxter,T1055
onion,T1055
iyeclore,T1055
mamut,T1055
multiinjector,T1055
axespec,T1055
reverseturtle,T1055
bianlian,T1486
meterpreterreverseshell,T1055
killor,T1055
induc,T1055
plurox,T1055
taurusstealer,T1055
anmalpro,T1055
woozlist,T1055
adanti,T1055
cheatengine,T1055
boran,T1055
suspect,T1055
valyria,T1055
somhoveran,T1055
wsearch,T1055
blackmatter,T1486
sogou,T1055
nsismod,T1055
bicololo,T1055
haofeng,T1055
xorist,T1486
idlebuddy,T1055
mekoban,T1055
webprefix,T1055
vuldriver,T1055
ttprotect,T1055
murlo,T1055
clop,T1486
goldmax,T1055
zenapak,T1055
4shared,T1055
vkhost,T1055
elzob,T1055
vonteera,T1055
yebao,T1055
poshc2,T1055
stealc,T1055
beasty,T1055
hexzone,T1055
detrahere,T1055
injectorcrypt,T1055
formbook,T1055
deelae,T1055
outsurf,T1055
contebrew,T1055
wanex,T1055
shellloader,T1055
invictastealer,T1055
gimemo,T1055
bestafera,T1055
adkubru,T1055
pyarmid,T1055
tianyan,T1055
htbot,T1055
astral,T1055
phemedrone,T1055
risepro,T1055
vbmod,T1055
mutabaha,T1055
fastrek,T1055
slugin,T1055
webhancer,T1055
alipay,T1055
revil,T1486
savenow,T1055
hangvote,T1055
hwatch,T1055
epsilon,T1055
connectscreen,T1055
speesipro,T1055
seatbelt,T1055
fakeransom,T1486
schoolboy,T1055
bqcb,T1055
netpass,T1055
offend,T1055
exnet,T1055
kiangthi,T1055
fraudpack,T1055
funlove,T1055
sharpmapexec,T1055
negsid,T1055
darktortilla,T1055
darksky,T1055
delfsnif,T1055
cheburgen,T1055
rebhip,T1055
casino,T1055
audio,T1055
avanquest,T1055
unidl,T1055
febipos,T1055
parazit,T1055
donbot,T1055
pacex,T1055
speedticking,T1055
alisa,T1055
doplik,T1055
gamebox,T1055
nightmare,T1055
oceanlotus,T1055
lgoogloader,T1055
purityscan,T1055
malcrack,T1055
lokibot,T1055
taobho,T1055
weecnaw,T1055
vaklik,T1055
malgo,T1055
aloneguid,T1055
msetup,T1055
syswhispers,T1055
bahma,T1055
rename,T1055
pupstudio,T1055
baceed,T1055
pajetbin,T1055
solimba,T1055
dyfuca,T1055
yandexbundled,T1055
logsnif,T1055
stimilina,T1055
kdutil,T1055
moleboxvs,T1055
madangel,T1055
logan,T1055
abransom,T1486
ransomrevil,T1486
windowskernelexplorer,T1055
tzhen,T1055
somoto,T1055
netspi,T1055
hidecon,T1055
teslacrypt,T1486
ccminer,T1496
pycrypter,T1486
netbox,T1055
nicehashminer,T1496
bototer,T1055
snarasite,T1055
vidro,T1055
pscrypt,T1486
seodec,T1055
tacticalrmm,T1055
opiker,T1055
jenxcus,T1055
creddump,T1055
yaiver,T1055
krocomain,T1055
jakuz,T1055
ursap,T1055
stralo,T1055
tencent,T1055
terraloader,T1055
qqhack,T1055
mybios,T1055
hive,T1486
suixin,T1055
adsearch,T1055
romcomrat,T1055
mediaget,T1055
manbat,T1055
carberp,T1055
elevate,T1055
shikataganai,T1055
garvi,T1055
hiddenbee,T1055
turtleloader,T1055
quyl,T1055
jaiko,T1055
akira,T1486
cmy3u,T1055
koutodoor,T1055
smallagent,T1055
gcleaner,T1055
vigua,T1055
allsoftpad,T1055
microleaves,T1055
uacbypassexp,T1055
ruledor,T1055
dexel,T1055
shade,T1486
exebundle,T1055
dlhelper,T1055
adsubscribe,T1055
kingsoft,T1055
darkeye,T1055
cenjonsla,T1055
fakens,T1055
nupack,T1055
loregun,T1055
moarider,T1055
kranet,T1055
derusbi,T1055
cometer,T1055
rundis,T1055
pantera,T1055
debrisa,T1055
servu,T1055
tgbot,T1055
dumpex,T1055
gravityrat,T1055
carbanak,T1055
cpuminer,T1496
diplugem,T1055
jaskago,T1055



